country_code,cover,duration,id,item_id,item_url,region,title,desc,create_time,author_user_id,music_author,music_title,music_create_time,music_duration,music_id,collect_count,comment_count,digg_count,play_count,share_count,video_url,video_length_sec,has_caption,combined_text,text_length,word_count,sentiment,subjectivity,creator_user_id,is_top_creator,follower_cnt,liked_cnt,play_count_per_view,digg_count_per_view,comment_count_per_view,share_count_per_view,collect_count_per_view,engagement_score,is_original_sound,music_age_days,creator_avg_play_count,creator_avg_digg_count,song_rank,is_trending_song,song_trend_value,all_hashtags,has_top_hashtag,num_hashtags,has_trending_keyword,upload_hour,upload_dayofweek,upload_month,days_since_upload,is_trending,predicted_trending,prediction_time
MY,https://p16-sign-sg.tiktokcdn.com/tos-alisg-p-0037/oAKnksGuQEAq9ttBgEoCMDeBJQ4QcsvfgAJFZV~tplv-noop.image?x-expires=1748723324&x-signature=6I%2Btv0RA33yIuByFD95W1dvX%2Fm0%3D,6,7504696722300407058,7504696722300407058,https://www.tiktok.com/@mnm_pipi/video/7504696722300407058,Malaysia,"Rekaan yang nipis dan ringan, material yang tahan lasak #HUAWEILaunch #HUAWEIWATCHFIT4Pro #HUAWEIMY","Rekaan yang nipis dan ringan, material yang tahan lasak #HUAWEILaunch #HUAWEIWATCHFIT4Pro #HUAWEIMY",2025-05-15 15:36:12,6.815758082208531e+18,HUAWEI Malaysia,original sound - huaweimobilemy,2025-05-15 15:36:16,6,7.504696751832436e+18,4708,238,81003,34664872,2403,https://www.tiktok.com/@mnm_pipi/video/7504696722300407058,6,1,"Rekaan yang nipis dan ringan, material yang tahan lasak #HUAWEILaunch #HUAWEIWATCHFIT4Pro #HUAWEIMY Rekaan yang nipis dan ringan, material yang tahan lasak #HUAWEILaunch #HUAWEIWATCHFIT4Pro #HUAWEIMY",199,24,0.0,0.0,6.815758082208531e+18,0,0.0,0.0,0.9999999711523536,0.0023367459041318,6.865739851405196e-06,6.93208943820449e-05,0.0001358147194135,33424.00000000001,1,0.0,23598437.0,51380.5,100.0,0,0.0,"['huaweilaunch', 'huaweiwatchfit4pro', 'huaweimy', 'huaweilaunch', 'huaweiwatchfit4pro', 'huaweimy']",0,6,0,15.0,3.0,5.0,21.0,1,1,2025-06-06 17:51:01.230537
MY,https://p16-sign-sg.tiktokcdn.com/tos-alisg-p-0037/oI0SWtgmVEe5APtoA0OnQIQNfDEY3BBcrD1RDF~tplv-noop.image?x-expires=1748723353&x-signature=eUmyljfuucbMxJnGXnRstBD%2FvKA%3D,35,7497685667518926088,7497685667518926088,https://www.tiktok.com/@mnm_pipi/video/7497685667518926088,Malaysia,#BlockBlast ğŸ“²ğŸ¦­,#BlockBlast ğŸ“²ğŸ¦­,2025-04-26 18:09:45,7.362666808937416e+18,kori,kori,2025-04-26 18:09:49,35,7.497685696774442e+18,2201505,309127,38503346,1001498208,9739382,https://www.tiktok.com/@mnm_pipi/video/7497685667518926088,35,1,#BlockBlast ğŸ“²ğŸ¦­ #BlockBlast ğŸ“²ğŸ¦­,29,4,0.0,0.0,7.362666808937416e+18,0,0.0,0.0,0.999999999001496,0.038445746236976,0.0003086645559842,0.0097248121988403,0.0021982116195676,17662103.4,0,0.0,1001498208.0,38503346.0,100.0,0,0.0,"['blockblast', 'blockblast']",0,2,0,18.0,5.0,4.0,40.0,1,1,2025-06-06 17:51:01.230537
MY,https://p16-sign-va.tiktokcdn.com/tos-maliva-p-85c255c799-us/oADdNLygIg7QArZ3gMebERZJDcFePGk8HEibCf~tplv-noop.image?x-expires=1748723334&x-signature=GhT8BlnQ0CGPk6QjnEYMQc%2BRvbQ%3D,17,7472319430572182826,7472319430572182826,https://www.tiktok.com/@mnm_pipi/video/7472319430572182826,Malaysia,phone case inspo â¤ï¸ğŸ¦‹ğŸ€ #temufinds #phonecases,phone case inspo â¤ï¸ğŸ¦‹ğŸ€ #temufinds #phonecases,2025-02-17 09:37:51,7.277133862680528e+18,temu_techfinds,original sound - temu_techfinds,2025-02-17 09:37:54,17,7.4723198778486e+18,25521,9582,418805,262711052,17255,https://www.tiktok.com/@mnm_pipi/video/7472319430572182826,17,1,phone case inspo â¤ï¸ğŸ¦‹ğŸ€ #temufinds #phonecases phone case inspo â¤ï¸ğŸ¦‹ğŸ€ #temufinds #phonecases,89,12,0.0,0.0,7.277133862680528e+18,0,0.0,0.0,0.9999999961935366,0.0015941658914518,3.647353200628373e-05,6.56805254402448e-05,9.714475165230296e-05,176399.7,1,0.0,188150357.0,352747.5,100.0,0,0.0,"['temufinds', 'phonecases', 'temufinds', 'phonecases']",0,4,0,9.0,0.0,2.0,109.0,1,1,2025-06-06 17:51:01.230537
MY,https://p16-sign-sg.tiktokcdn.com/tos-alisg-p-0037/o41IXI1EABjDQqEc8MiMwZIiIA0HD9OfC5A0Yk~tplv-noop.image?x-expires=1748723349&x-signature=ZcigaTOQWg7U%2BDyr5g13gd8J7Ac%3D,32,7502026563614002440,7502026563614002440,https://www.tiktok.com/@mnm_pipi/video/7502026563614002440,Malaysia,Nak power macam saya? Makan dulu biskut MILO sebelum masuk court. ğŸ¸  Tenaga MILO kini dalam biskut âš¡ï¸ğŸ’š #MyMILOBiscuit #biskutMILO #MILO,Nak power macam saya? Makan dulu biskut MILO sebelum masuk court. ğŸ¸  Tenaga MILO kini dalam biskut âš¡ï¸ğŸ’š #MyMILOBiscuit #biskutMILO #MILO,2025-05-08 10:54:38,6.754075335262586e+18,insta: sitisolehahzf ğŸŠ,original sound - sitisolehahzf,2025-05-08 10:54:56,32,7.50202665474353e+18,10776,271,150816,24058437,3589,https://www.tiktok.com/@mnm_pipi/video/7502026563614002440,32,1,Nak power macam saya? Makan dulu biskut MILO sebelum masuk court. ğŸ¸  Tenaga MILO kini dalam biskut âš¡ï¸ğŸ’š #MyMILOBiscuit #biskutMILO #MILO Nak power macam saya? Makan dulu biskut MILO sebelum masuk court. ğŸ¸  Tenaga MILO kini dalam biskut âš¡ï¸ğŸ’š #MyMILOBiscuit #biskutMILO #MILO,271,42,0.0,0.0,6.754075335262586e+18,0,0.0,0.0,0.9999999584345418,0.0062687361498697,1.12642391829428e-05,0.000149178429622,0.0004479093779903,62203.100000000006,1,0.0,24058437.0,150816.0,100.0,0,0.0,"['mymilobiscuit', 'biskutmilo', 'milo', 'mymilobiscuit', 'biskutmilo', 'milo']",0,6,0,10.0,3.0,5.0,28.0,1,1,2025-06-06 17:51:01.230537
MY,https://p16-sign-sg.tiktokcdn.com/tos-alisg-p-0037/owergNeIIQLdQAIbifRLoIrGCGGcDQjMrO4AHD~tplv-noop.image?x-expires=1748723347&x-signature=1qTd6FVA%2FKGBE8xJHcUw9ZG4egI%3D,29,7495755454924983559,7495755454924983559,https://www.tiktok.com/@mnm_pipi/video/7495755454924983559,Malaysia,"Nak cuba Biskut MILO baru? Sila tunjuk satu gerak silat dulu. Raya ni bukan je penuh kuih, tapi penuh tenaga! ğŸ”¥    @MILOÂ® Malaysia Official #MyMILOBiscuit #biskutMILO #MILO","Nak cuba Biskut MILO baru? Sila tunjuk satu gerak silat dulu. Raya ni bukan je penuh kuih, tapi penuh tenaga! ğŸ”¥    @MILOÂ® Malaysia Official #MyMILOBiscuit #biskutMILO #MILO",2025-04-21 13:19:30,6.615693459121619e+18,Baiboek,original sound - baiboek,2025-04-21 13:19:35,29,7.495755481974869e+18,10264,1450,168777,26262796,5818,https://www.tiktok.com/@mnm_pipi/video/7495755454924983559,29,1,"Nak cuba Biskut MILO baru? Sila tunjuk satu gerak silat dulu. Raya ni bukan je penuh kuih, tapi penuh tenaga! ğŸ”¥    @MILOÂ® Malaysia Official #MyMILOBiscuit #biskutMILO #MILO Nak cuba Biskut MILO baru? Sila tunjuk satu gerak silat dulu. Raya ni bukan je penuh kuih, tapi penuh tenaga! ğŸ”¥    @MILOÂ® Malaysia Official #MyMILOBiscuit #biskutMILO #MILO",345,54,0.0,0.0,6.615693459121619e+18,0,0.0,0.0,0.9999999619233244,0.0064264670667027,5.521117952516634e-05,0.0002215300982602,0.0003908189976871,70135.8,1,0.0,26262796.0,168777.0,100.0,0,0.0,"['mymilobiscuit', 'biskutmilo', 'milo', 'mymilobiscuit', 'biskutmilo', 'milo']",0,6,0,13.0,0.0,4.0,45.0,1,1,2025-06-06 17:51:01.230537
MY,https://p16-sign-sg.tiktokcdn.com/tos-alisg-p-0037/oUZBETGfERSoFBAqIgHsRm6DgEcEcoDif6EgIF~tplv-noop.image?x-expires=1748723326&x-signature=3i%2FwhvX1dR%2FkEJD6%2BDRimC4fuQs%3D,5,7498942470932139284,7498942470932139284,https://www.tiktok.com/@mnm_pipi/video/7498942470932139284,Malaysia,"Oh, all the places we could go! âœ¨manifestâœ¨ #genvisa #genvisaapac #visa #travel #traveltiktok #vee #japan #china #korea ","Oh, all the places we could go! âœ¨manifestâœ¨ #genvisa #genvisaapac #visa #travel #traveltiktok #vee #japan #china #korea ",2025-04-30 03:26:48,7.243632967124895e+18,Generation Visa,original sound - genvisa,2025-04-30 03:26:53,5,7.498942509641387e+18,9802,289,183156,76596964,350,https://www.tiktok.com/@mnm_pipi/video/7498942470932139284,5,1,"Oh, all the places we could go! âœ¨manifestâœ¨ #genvisa #genvisaapac #visa #travel #traveltiktok #vee #japan #china #korea  Oh, all the places we could go! âœ¨manifestâœ¨ #genvisa #genvisaapac #visa #travel #traveltiktok #vee #japan #china #korea ",239,34,0.0,0.0,7.243632967124895e+18,0,0.0,0.0,0.9999999869446524,0.0023911652374216,3.772995444401746e-06,4.569371645469243e-06,0.0001279685167682,74399.3,1,0.0,76596964.0,183156.0,100.0,0,0.0,"['genvisa', 'genvisaapac', 'visa', 'travel', 'traveltiktok', 'vee', 'japan', 'china', 'korea', 'genvisa', 'genvisaapac', 'visa', 'travel', 'traveltiktok', 'vee', 'japan', 'china', 'korea']",0,18,0,3.0,2.0,4.0,37.0,1,1,2025-06-06 17:51:01.230537
MY,https://p16-sign-sg.tiktokcdn.com/tos-alisg-p-0037/ootvoZEQQBgovCAfPqFUAfYRswVyUEA9DBFRB8~tplv-noop.image?x-expires=1748723339&x-signature=%2FGQlM5TcjYq6kAVn7wbVmLpuVZM%3D,18,7494083753640267026,7494083753640267026,https://www.tiktok.com/@mnm_pipi/video/7494083753640267026,Malaysia,mending main Block blast! aja #blockblast #blockblastlove,mending main Block blast! aja #blockblast #blockblastlove,2025-04-17 01:12:33,6.947590614088205e+18,Hycaa Dewii,original sound - hycaax5,2025-04-17 01:12:37,18,7.494083798309621e+18,133337,10880,2129866,194200109,187714,https://www.tiktok.com/@mnm_pipi/video/7494083753640267026,18,1,mending main Block blast! aja #blockblast #blockblastlove mending main Block blast! aja #blockblast #blockblastlove,115,14,0.2083333333333333,0.3333333333333333,6.947590614088205e+18,0,0.0,0.0,0.9999999948506724,0.0109673779278497,5.602468505295903e-05,0.0009666008943043,0.0006865959035759,906086.9,1,0.0,177564625.0,2112407.5,100.0,0,0.0,"['blockblast', 'blockblastlove', 'blockblast', 'blockblastlove']",0,4,0,1.0,3.0,4.0,50.0,1,1,2025-06-06 17:51:01.230537
MY,https://p16-sign-sg.tiktokcdn.com/tos-alisg-p-0037/o0iZf3QAgbAL8Ie5L7M30fehtOGSMKsgqDW91f~tplv-noop.image?x-expires=1748723356&x-signature=BqSKGdLwvY5ueYztDC3CId8c9L8%3D,35,7475960754756160776,7475960754756160776,https://www.tiktok.com/@mnm_pipi/video/7475960754756160776,Malaysia,æ€æ ·æ‰å«æ— ä¸ä¼¦æ¯”çš„äº«å—ï¼Œå–ï¼Œæµ“åšé¦¥éƒçš„å’–å–±ï¼ŒQå¼¹æœ‰åš¼åŠ²çš„é¢æ¡ï¼Œå°å£åƒï¼Œå¤§å£åƒï¼Œéƒ½è¶…çˆ½æ— æ¯”ï¼Maggi Kariï¼Œè§£é¦‹åˆå¼€èƒƒï¼Œæˆ‘éšæ—¶å¸¸å¤‡ ,æ€æ ·æ‰å«æ— ä¸ä¼¦æ¯”çš„äº«å—ï¼Œå–ï¼Œæµ“åšé¦¥éƒçš„å’–å–±ï¼ŒQå¼¹æœ‰åš¼åŠ²çš„é¢æ¡ï¼Œå°å£åƒï¼Œå¤§å£åƒï¼Œéƒ½è¶…çˆ½æ— æ¯”ï¼Maggi Kariï¼Œè§£é¦‹åˆå¼€èƒƒï¼Œæˆ‘éšæ—¶å¸¸å¤‡ ,2025-02-27 05:05:59,7.358676015813723e+18,MAGGI Malaysia,original sound - maggimalaysia,2025-02-27 05:06:11,35,7.475960816773205e+18,4497,1327,61000,17609435,3477,https://www.tiktok.com/@mnm_pipi/video/7475960754756160776,35,1,æ€æ ·æ‰å«æ— ä¸ä¼¦æ¯”çš„äº«å—ï¼Œå–ï¼Œæµ“åšé¦¥éƒçš„å’–å–±ï¼ŒQå¼¹æœ‰åš¼åŠ²çš„é¢æ¡ï¼Œå°å£åƒï¼Œå¤§å£åƒï¼Œéƒ½è¶…çˆ½æ— æ¯”ï¼Maggi Kariï¼Œè§£é¦‹åˆå¼€èƒƒï¼Œæˆ‘éšæ—¶å¸¸å¤‡  æ€æ ·æ‰å«æ— ä¸ä¼¦æ¯”çš„äº«å—ï¼Œå–ï¼Œæµ“åšé¦¥éƒçš„å’–å–±ï¼ŒQå¼¹æœ‰åš¼åŠ²çš„é¢æ¡ï¼Œå°å£åƒï¼Œå¤§å£åƒï¼Œéƒ½è¶…çˆ½æ— æ¯”ï¼Maggi Kariï¼Œè§£é¦‹åˆå¼€èƒƒï¼Œæˆ‘éšæ—¶å¸¸å¤‡ ,137,4,0.0,0.0,7.358676015813723e+18,0,0.0,0.0,0.9999999432122642,0.003464051886727,7.535732547027628e-05,0.0001974509575434,0.0002553744481083,25943.2,1,0.0,13567590.0,42383.5,100.0,0,0.0,[],0,0,0,5.0,3.0,2.0,99.0,1,1,2025-06-06 17:51:01.230537
MY,https://p16-sign-sg.tiktokcdn.com/tos-alisg-p-0037/oUfjQIiEkjflfcKl0zCCQCxBAFFMDPAgyCDouE~tplv-noop.image?x-expires=1748723384&x-signature=DgXeQYKGY5K3hIsBe1Oe3vRWLY4%3D,60,7486395093826456849,7486395093826456849,https://www.tiktok.com/@mnm_pipi/video/7486395093826456849,Malaysia,"@NIVEA Malaysia Ada plan nak beraya rumah CRUSH korang Raya nanti? ğŸ˜‰ Siapkan dulu muka korang dengan NIVEA MEN DEEP Mud Foam! Dengan kuasa arang di dalamnya, ia memberi 8 Jam kawalan minyak. Barulah crush korang terpikat! ğŸ’¯ Selamat Hari Raya!âœ¨ğŸŒ™ #NIVEAMEN #myNIVEAMEN #RayaBersamaNIVEA #NIVEAMENDEEP","@NIVEA Malaysia Ada plan nak beraya rumah CRUSH korang Raya nanti? ğŸ˜‰ Siapkan dulu muka korang dengan NIVEA MEN DEEP Mud Foam! Dengan kuasa arang di dalamnya, ia memberi 8 Jam kawalan minyak. Barulah crush korang terpikat! ğŸ’¯ Selamat Hari Raya!âœ¨ğŸŒ™ #NIVEAMEN #myNIVEAMEN #RayaBersamaNIVEA #NIVEAMENDEEP",2025-03-27 07:56:46,6.850162330975602e+18,Ahmadezzrinloy,original sound - ahmadezzrinloy,2025-03-27 07:56:51,60,7.486395182311099e+18,7171,342,137561,23921958,1643,https://www.tiktok.com/@mnm_pipi/video/7486395093826456849,60,1,"@NIVEA Malaysia Ada plan nak beraya rumah CRUSH korang Raya nanti? ğŸ˜‰ Siapkan dulu muka korang dengan NIVEA MEN DEEP Mud Foam! Dengan kuasa arang di dalamnya, ia memberi 8 Jam kawalan minyak. Barulah crush korang terpikat! ğŸ’¯ Selamat Hari Raya!âœ¨ğŸŒ™ #NIVEAMEN #myNIVEAMEN #RayaBersamaNIVEA #NIVEAMENDEEP @NIVEA Malaysia Ada plan nak beraya rumah CRUSH korang Raya nanti? ğŸ˜‰ Siapkan dulu muka korang dengan NIVEA MEN DEEP Mud Foam! Dengan kuasa arang di dalamnya, ia memberi 8 Jam kawalan minyak. Barulah crush korang terpikat! ğŸ’¯ Selamat Hari Raya!âœ¨ğŸŒ™ #NIVEAMEN #myNIVEAMEN #RayaBersamaNIVEA #NIVEAMENDEEP",597,90,0.0,0.4,6.850162330975602e+18,0,0.0,0.0,0.9999999581974036,0.005750406979629,1.4296488009196906e-05,6.868166607927052e-05,0.0002997664196314,56172.7,1,0.0,23921958.0,137561.0,100.0,0,0.0,"['niveamen', 'myniveamen', 'rayabersamanivea', 'niveamendeep', 'niveamen', 'myniveamen', 'rayabersamanivea', 'niveamendeep']",0,8,0,7.0,3.0,3.0,71.0,1,1,2025-06-06 17:51:01.230537
MY,https://p19-vod-sign-useast2a.tiktokcdn-eu.com/tos-no1a-p-0037-no/oYxLedPQjxsGxD45AdIU8eIOLIAjLJxnteKC0Q~tplv-noop.image?x-expires=1748723334&x-signature=abpWi1ajpx3wkbFW1cYqIuoeKeo%3D,10,7486079083252649238,7486079083252649238,https://www.tiktok.com/@mnm_pipi/video/7486079083252649238,Malaysia,We have better plans  #BlockBlast #BlockBlastLove ,We have better plans  #BlockBlast #BlockBlastLove ,2025-03-26 11:30:17,6.800785601782236e+18,Mr. Smokey,original sound - mr_smokey21,2025-03-26 11:30:21,10,7.486079082716335e+18,627584,53318,17702881,543058279,1310048,https://www.tiktok.com/@mnm_pipi/video/7486079083252649238,10,1,We have better plans  #BlockBlast #BlockBlastLove  We have better plans  #BlockBlast #BlockBlastLove ,101,12,0.5,0.5,6.800785601782236e+18,0,0.0,0.0,0.999999998158577,0.0325984920071562,9.818099081372996e-05,0.002412352501098,0.0011556476037894,7421915.800000001,1,0.0,543058279.0,17702881.0,100.0,0,0.0,"['blockblast', 'blockblastlove', 'blockblast', 'blockblastlove']",0,4,0,11.0,2.0,3.0,71.0,1,1,2025-06-06 17:51:01.230537
MY,https://p16-sign-sg.tiktokcdn.com/tos-alisg-p-0037/oIBPByAaAKcy2Fz6BNIBpAv0xIGViyNDYREHi~tplv-noop.image?x-expires=1748723365&x-signature=956krkBI%2BGsV1J1CKVe7NorFVYw%3D,41,7498997911254994194,7498997911254994194,https://www.tiktok.com/@mnm_pipi/video/7498997911254994194,Malaysia,"Oops, I hope sheâ€™s okay ğŸ¤«ğŸ‘€ But I cannot blame NIVEA pulak sebab the NIVEA Intensive Moisture ni ada 2x badan pelembap untuk kekalkan kelembapan sampai 48 jam ok! Plus, cuaca sekarang ni elok sangat pakai lotion yang ringan & tak melekit macam ni ğŸ’“ğŸ™ŒğŸ» Pakai sekali je, kulit korang terus jadi lembut and sihat ğŸª½ #NIVEAIntensiveMoisture #myNIVEA #StopBuyingWateryLotion #BodyLotion #MoistureLotion ","Oops, I hope sheâ€™s okay ğŸ¤«ğŸ‘€ But I cannot blame NIVEA pulak sebab the NIVEA Intensive Moisture ni ada 2x badan pelembap untuk kekalkan kelembapan sampai 48 jam ok! Plus, cuaca sekarang ni elok sangat pakai lotion yang ringan & tak melekit macam ni ğŸ’“ğŸ™ŒğŸ» Pakai sekali je, kulit korang terus jadi lembut and sihat ğŸª½ #NIVEAIntensiveMoisture #myNIVEA #StopBuyingWateryLotion #BodyLotion #MoistureLotion ",2025-04-30 07:01:57,6.773933274596984e+18,Rita Nadira,original sound - ritanadira_,2025-04-30 07:02:12,41,7.498998000488812e+18,5193,236,92064,11689558,1603,https://www.tiktok.com/@mnm_pipi/video/7498997911254994194,41,1,"Oops, I hope sheâ€™s okay ğŸ¤«ğŸ‘€ But I cannot blame NIVEA pulak sebab the NIVEA Intensive Moisture ni ada 2x badan pelembap untuk kekalkan kelembapan sampai 48 jam ok! Plus, cuaca sekarang ni elok sangat pakai lotion yang ringan & tak melekit macam ni ğŸ’“ğŸ™ŒğŸ» Pakai sekali je, kulit korang terus jadi lembut and sihat ğŸª½ #NIVEAIntensiveMoisture #myNIVEA #StopBuyingWateryLotion #BodyLotion #MoistureLotion  Oops, I hope sheâ€™s okay ğŸ¤«ğŸ‘€ But I cannot blame NIVEA pulak sebab the NIVEA Intensive Moisture ni ada 2x badan pelembap untuk kekalkan kelembapan sampai 48 jam ok! Plus, cuaca sekarang ni elok sangat pakai lotion yang ringan & tak melekit macam ni ğŸ’“ğŸ™ŒğŸ» Pakai sekali je, kulit korang terus jadi lembut and sihat ğŸª½ #NIVEAIntensiveMoisture #myNIVEA #StopBuyingWateryLotion #BodyLotion #MoistureLotion ",791,122,0.5625,0.5,6.773933274596984e+18,0,0.0,0.0,0.9999999144535736,0.0078757462107851,2.0188956657817455e-05,0.0001371309217054,0.0004442425928985,37736.3,1,0.0,11689558.0,92064.0,100.0,0,0.0,"['niveaintensivemoisture', 'mynivea', 'stopbuyingwaterylotion', 'bodylotion', 'moisturelotion', 'niveaintensivemoisture', 'mynivea', 'stopbuyingwaterylotion', 'bodylotion', 'moisturelotion']",0,10,0,7.0,2.0,4.0,37.0,1,1,2025-06-06 17:51:01.230537
MY,https://p16-sign-sg.tiktokcdn.com/tos-alisg-p-0037/oEGM2IiwQUDDgyeKCeLIAaGzIFAjOXNII6eXoG~tplv-noop.image?x-expires=1748723363&x-signature=dviiw6fTWhLv7r9T7q3awtCqU%2FA%3D,36,7496861019663322376,7496861019663322376,https://www.tiktok.com/@mnm_pipi/video/7496861019663322376,Malaysia,Hadiah birthday anak aku. #Taobao #Taobaoshop #Ordertaobao #TaobaoMY ,Hadiah birthday anak aku. #Taobao #Taobaoshop #Ordertaobao #TaobaoMY ,2025-04-24 12:49:39,6.672748984714593e+18,Fendymojo,original sound - fendymojo,2025-04-24 12:49:46,35,7.496861055932141e+18,4664,371,113437,13069192,2430,https://www.tiktok.com/@mnm_pipi/video/7496861019663322376,36,1,Hadiah birthday anak aku. #Taobao #Taobaoshop #Ordertaobao #TaobaoMY  Hadiah birthday anak aku. #Taobao #Taobaoshop #Ordertaobao #TaobaoMY ,139,16,0.0,0.0,6.672748984714593e+18,0,0.0,0.0,0.9999999234841814,0.0086797249072685,2.838736867685709e-05,0.0001859334390424,0.0003568697776519,46438.50000000001,1,0.0,13069192.0,113437.0,100.0,0,0.0,"['taobao', 'taobaoshop', 'ordertaobao', 'taobaomy', 'taobao', 'taobaoshop', 'ordertaobao', 'taobaomy']",0,8,0,12.0,3.0,4.0,42.0,1,1,2025-06-06 17:51:01.230537
MY,https://p16-sign-sg.tiktokcdn.com/tos-alisg-p-0037/ooadQygjrIeuHJGeDnALnYAbQe7TOzICxJp9iA~tplv-noop.image?x-expires=1748723418&x-signature=xiaBjXcht8UpCQuLMcg%2B1tqotx8%3D,91,7435853872062549256,7435853872062549256,https://www.tiktok.com/@mnm_pipi/video/7435853872062549256,Malaysia,#blondesbarbershop ,#blondesbarbershop ,2024-11-11 03:10:48,6.86431916851572e+18,AufaBlondz,original sound - aufablondz,2024-11-11 03:11:09,91,7.435853980192394e+18,16948,604,77705,16087817,7044,https://www.tiktok.com/@mnm_pipi/video/7435853872062549256,91,1,#blondesbarbershop  #blondesbarbershop ,39,2,0.0,0.0,6.86431916851572e+18,0,0.0,0.0,0.9999999378411664,0.0048300521549908,3.7543935417469296e-05,0.0004378468229812,0.0010534679096941,34366.8,1,0.0,16087817.0,77705.0,100.0,0,0.0,"['blondesbarbershop', 'blondesbarbershop']",0,2,0,3.0,0.0,11.0,207.0,1,1,2025-06-06 17:51:01.230537
MY,https://p16-sign-sg.tiktokcdn.com/tos-alisg-p-0037/owLeQVcejPIeVoDTCDG2k8Lrh8IdAArQViv0QI~tplv-noop.image?x-expires=1748723363&x-signature=Zb6KkYV1lR5T50m9szverz%2FPHHg%3D,36,7474673334081391879,7474673334081391879,https://www.tiktok.com/@mnm_pipi/video/7474673334081391879,Malaysia,Replying to @user31875707301180 ,Replying to @user31875707301180 ,2025-02-23 17:50:14,7.16237674776486e+18,furufuru,3 minutes cooking song(863632),2020-09-17 18:03:36,150,6.873518662561565e+18,15506,1884,75534,30820634,13552,https://www.tiktok.com/@mnm_pipi/video/7474673334081391879,36,1,Replying to @user31875707301180  Replying to @user31875707301180 ,65,6,0.0,0.0,7.16237674776486e+18,0,0.0,0.0,0.9999999675542052,0.0024507606673256,6.112787747559387e-05,0.0004397054116503,0.0005031044947646,35039.8,0,0.0,30820634.0,75534.0,100.0,0,0.0,[],0,0,0,17.0,6.0,2.0,102.0,1,1,2025-06-06 17:51:01.230537
MY,https://p16-sign-sg.tiktokcdn.com/tos-alisg-p-0037/oEL5pVPKB3AiP3dc3ELxR6FIBZIRI1YA5CpiV~tplv-noop.image?x-expires=1748723366&x-signature=GJgVjRaY6N%2FxGPURles56VAU4YU%3D,39,7456403550860561671,7456403550860561671,https://www.tiktok.com/@mnm_pipi/video/7456403550860561671,Malaysia,"Choose your fighter! Deodorant or Perfume? ğŸ˜ For me, I mestilah akan pilih NIVEA Pearl & Beauty Fine Fragrance! âœ¨ Bau parfum eksklusifnya bukannya sekadar wangi tau, ia tahan seharian juga! Plusss ia juga boleh mencerahkan kulit bawah lengan korang sehingga 5X! Tak perlu pun pakai perfume dah lepas ni, cubalah sekarang! ğŸ©µ #myNIVEA","Choose your fighter! Deodorant or Perfume? ğŸ˜ For me, I mestilah akan pilih NIVEA Pearl & Beauty Fine Fragrance! âœ¨ Bau parfum eksklusifnya bukannya sekadar wangi tau, ia tahan seharian juga! Plusss ia juga boleh mencerahkan kulit bawah lengan korang sehingga 5X! Tak perlu pun pakai perfume dah lepas ni, cubalah sekarang! ğŸ©µ #myNIVEA",2025-01-05 12:14:03,75514846835.0,Syazaayusof á¥«á­¡,original sound - syazaayusof,2025-01-05 12:14:35,39,7.456403702498905e+18,4841,354,83387,20023623,2269,https://www.tiktok.com/@mnm_pipi/video/7456403550860561671,39,1,"Choose your fighter! Deodorant or Perfume? ğŸ˜ For me, I mestilah akan pilih NIVEA Pearl & Beauty Fine Fragrance! âœ¨ Bau parfum eksklusifnya bukannya sekadar wangi tau, ia tahan seharian juga! Plusss ia juga boleh mencerahkan kulit bawah lengan korang sehingga 5X! Tak perlu pun pakai perfume dah lepas ni, cubalah sekarang! ğŸ©µ #myNIVEA Choose your fighter! Deodorant or Perfume? ğŸ˜ For me, I mestilah akan pilih NIVEA Pearl & Beauty Fine Fragrance! âœ¨ Bau parfum eksklusifnya bukannya sekadar wangi tau, ia tahan seharian juga! Plusss ia juga boleh mencerahkan kulit bawah lengan korang sehingga 5X! Tak perlu pun pakai perfume dah lepas ni, cubalah sekarang! ğŸ©µ #myNIVEA",665,108,1.0,0.5,75514846835.0,0,0.0,0.0,0.9999999500589904,0.0041644309741333,1.7679117426495822e-05,0.0001133161509624,0.0002417644278578,34398.9,1,0.0,20023623.0,83387.0,100.0,0,0.0,"['mynivea', 'mynivea']",0,2,0,12.0,6.0,1.0,151.0,1,1,2025-06-06 17:51:01.230537
MY,https://p16-sign-sg.tiktokcdn.com/tos-alisg-p-0037/ow4DeD4qntB4awWbBiFEgcDoErARa1HQQlfoUY~tplv-noop.image?x-expires=1748723346&x-signature=agpnbewVaSYb4QSpwveVoezM1SU%3D,15,7470776603266649361,7470776603266649361,https://www.tiktok.com/@mnm_pipi/video/7470776603266649361,Malaysia,10 hari je dah nmpk kesan ğŸ˜ğŸ‘ğŸ»  #lglutathione #vitamingummies #whitening #raya ,10 hari je dah nmpk kesan ğŸ˜ğŸ‘ğŸ»  #lglutathione #vitamingummies #whitening #raya ,2025-02-13 05:49:25,6.566452619166368e+18,D A N I AğŸ¦‹âœ¨,original sound - d.qistinaaa,2025-02-13 05:49:34,15,7.47077680467408e+18,74131,3184,275789,26907579,22313,https://www.tiktok.com/@mnm_pipi/video/7470776603266649361,15,1,10 hari je dah nmpk kesan ğŸ˜ğŸ‘ğŸ»  #lglutathione #vitamingummies #whitening #raya  10 hari je dah nmpk kesan ğŸ˜ğŸ‘ğŸ»  #lglutathione #vitamingummies #whitening #raya ,157,22,0.0,0.0,6.566452619166368e+18,0,0.0,0.0,0.9999999628357512,0.0102494910356115,0.0001183309684482,0.0008292458853601,0.0027550229340579,123146.5,1,0.0,26907579.0,275789.0,100.0,0,0.0,"['lglutathione', 'vitamingummies', 'whitening', 'raya', 'lglutathione', 'vitamingummies', 'whitening', 'raya']",0,8,0,5.0,3.0,2.0,113.0,1,1,2025-06-06 17:51:01.230537
MY,https://p16-sign-va.tiktokcdn.com/tos-maliva-p-0068c799-us/owDESfOU9giRD3CIBE6EAwBS5D1FEthenZIltD~tplv-noop.image?x-expires=1748723346&x-signature=4irg4HsZUiJ%2BLp5NbQHqoIl5j8s%3D,15,7481855699350195502,7481855699350195502,https://www.tiktok.com/@mnm_pipi/video/7481855699350195502,Malaysia,Clears my mindğŸ§˜ğŸ¾â¤ï¸ #blockblast #blockblastlove ,Clears my mindğŸ§˜ğŸ¾â¤ï¸ #blockblast #blockblastlove ,2025-03-15 02:21:45,9.727023157991834e+16,ğ”„ğ”¯ğ”±ğ”¥ğ”²ğ”¯,Count Me Out Ã— Zelda,2023-05-17 23:53:11,26,7.234303670864449e+18,78693,1768,2633092,43967284,103494,https://www.tiktok.com/@mnm_pipi/video/7481855699350195502,15,1,Clears my mindğŸ§˜ğŸ¾â¤ï¸ #blockblast #blockblastlove  Clears my mindğŸ§˜ğŸ¾â¤ï¸ #blockblast #blockblastlove ,95,10,0.0,0.0,9.727023157991834e+16,0,0.0,0.0,0.9999999772558164,0.0598875277379533,4.021171650694374e-05,0.0023538865317701,0.0017898080356792,1082335.3,0,0.0,43967284.0,2633092.0,100.0,0,0.0,"['blockblast', 'blockblastlove', 'blockblast', 'blockblastlove']",0,4,0,2.0,5.0,3.0,83.0,1,1,2025-06-06 17:51:01.230537
MY,https://p16-sign-sg.tiktokcdn.com/tos-alisg-p-0037/oMOCMfDTJiDxAAqdUz2XINwCEiIJvAFBIzhJUB~tplv-noop.image?x-expires=1748723412&x-signature=VOsOdKgVybXOc4IkUlXh0kjd0Tw%3D,81,7490476350948576520,7490476350948576520,https://www.tiktok.com/@mnm_pipi/video/7490476350948576520,Malaysia,"Barang ni memang rare dan worth it! Kalau korang tengah cari something unique dengan harga berbaloi, yang ni confirm patut masuk cart! Semua info ada kat link in bioâ€”jangan terlepas! #Taobao #Taobaoshop #Ordertaobao #TaobaoMY #BarangMurah #BarangViral #TipsShoppingOnline #ShoppingBijak #BarangBest #TaobaoMalaysia","Barang ni memang rare dan worth it! Kalau korang tengah cari something unique dengan harga berbaloi, yang ni confirm patut masuk cart! Semua info ada kat link in bioâ€”jangan terlepas! #Taobao #Taobaoshop #Ordertaobao #TaobaoMY #BarangMurah #BarangViral #TipsShoppingOnline #ShoppingBijak #BarangBest #TaobaoMalaysia",2025-04-07 07:53:55,6.828469178861798e+18,yo suzuki(akisai),"Funny video ""Carmen Prelude"" Arranging weakness(836530)",2020-07-16 17:04:46,146,6.850125286504139e+18,5299,556,67141,19285609,1692,https://www.tiktok.com/@mnm_pipi/video/7490476350948576520,81,1,"Barang ni memang rare dan worth it! Kalau korang tengah cari something unique dengan harga berbaloi, yang ni confirm patut masuk cart! Semua info ada kat link in bioâ€”jangan terlepas! #Taobao #Taobaoshop #Ordertaobao #TaobaoMY #BarangMurah #BarangViral #TipsShoppingOnline #ShoppingBijak #BarangBest #TaobaoMalaysia Barang ni memang rare dan worth it! Kalau korang tengah cari something unique dengan harga berbaloi, yang ni confirm patut masuk cart! Semua info ada kat link in bioâ€”jangan terlepas! #Taobao #Taobaoshop #Ordertaobao #TaobaoMY #BarangMurah #BarangViral #TipsShoppingOnline #ShoppingBijak #BarangBest #TaobaoMalaysia",629,80,0.4203125,0.6666666666666666,6.828469178861798e+18,0,0.0,0.0,0.9999999481478676,0.003481404010555,2.8829785524025425e-05,8.773380774577522e-05,0.0002747644487262,27891.500000000004,0,0.0,19285609.0,67141.0,100.0,0,0.0,"['taobao', 'taobaoshop', 'ordertaobao', 'taobaomy', 'barangmurah', 'barangviral', 'tipsshoppingonline', 'shoppingbijak', 'barangbest', 'taobaomalaysia', 'taobao', 'taobaoshop', 'ordertaobao', 'taobaomy', 'barangmurah', 'barangviral', 'tipsshoppingonline', 'shoppingbijak', 'barangbest', 'taobaomalaysia']",0,20,0,7.0,0.0,4.0,60.0,1,1,2025-06-06 17:51:01.230537
MY,https://p16-sign-sg.tiktokcdn.com/tos-alisg-p-0037/o8AG1RAGEsA2BIW2YIPBaNSrEiYYqiEIWVYR3~tplv-noop.image?x-expires=1748723388&x-signature=C8H9YRTw20q7DrzTOBPU04iM2wM%3D,57,7495737420315446536,7495737420315446536,https://www.tiktok.com/@mnm_pipi/video/7495737420315446536,Malaysia,Yes im that kind of gurll hihi #fyp #fypage #fyppppppppppppppppppppppp  @GarnierMY ,Yes im that kind of gurll hihi #fyp #fypage #fyppppppppppppppppppppppp  @GarnierMY ,2025-04-21 12:09:32,6.718564312862983e+18,fer,original sound - farahnrdn_,2025-04-21 12:09:37,57,7.495737452678712e+18,2594,556,84939,8628627,3666,https://www.tiktok.com/@mnm_pipi/video/7495737420315446536,57,1,Yes im that kind of gurll hihi #fyp #fypage #fyppppppppppppppppppppppp  @GarnierMY  Yes im that kind of gurll hihi #fyp #fypage #fyppppppppppppppppppppppp  @GarnierMY ,167,22,0.6,0.9,6.718564312862983e+18,0,0.0,0.0,0.99999988410672,0.0098438593018496,6.443666362717225e-05,0.0004248647641316,0.0003006271680735,35135.0,1,0.0,8628627.0,84939.0,100.0,0,0.0,"['fyp', 'fypage', 'fyppppppppppppppppppppppp', 'fyp', 'fypage', 'fyppppppppppppppppppppppp']",0,6,0,12.0,0.0,4.0,45.0,1,1,2025-06-06 17:51:01.230537
MY,https://p16-sign-sg.tiktokcdn.com/tos-alisg-p-0037/ogxeOeTQGDuPL75INiI2WLg90CoghkOAO8je2A~tplv-noop.image?x-expires=1748723408&x-signature=5CgrUOZheBvvwMrQVUSeKZ%2FrZ80%3D,77,7487435492435250440,7487435492435250440,https://www.tiktok.com/@mnm_pipi/video/7487435492435250440,Malaysia,Weiii dapat harga murah siap Free Shipping!!!! #Taobao #Taobaoshop #Ordertaobao #TaobaoMY,Weiii dapat harga murah siap Free Shipping!!!! #Taobao #Taobaoshop #Ordertaobao #TaobaoMY,2025-03-30 03:13:52,6.610578944427475e+18,Faisal Suhaimi,original sound - faisal.suhaimi,2025-03-30 03:14:01,77,7.487435554003766e+18,11265,1238,144667,24804023,5836,https://www.tiktok.com/@mnm_pipi/video/7487435492435250440,77,1,Weiii dapat harga murah siap Free Shipping!!!! #Taobao #Taobaoshop #Ordertaobao #TaobaoMY Weiii dapat harga murah siap Free Shipping!!!! #Taobao #Taobaoshop #Ordertaobao #TaobaoMY,179,22,0.9765625,0.8,6.610578944427475e+18,0,0.0,0.0,0.9999999596839608,0.0058324004201898,4.991125633485921e-05,0.0002352844038531,0.0004541601798159,60531.9,1,0.0,24804023.0,144667.0,100.0,0,0.0,"['taobao', 'taobaoshop', 'ordertaobao', 'taobaomy', 'taobao', 'taobaoshop', 'ordertaobao', 'taobaomy']",0,8,0,3.0,6.0,3.0,68.0,1,1,2025-06-06 17:51:01.230537
MY,https://p16-sign-sg.tiktokcdn.com/tos-alisg-p-0037/osIZb9qwiPWiuvBIA53HAEBDqY56B3iLt0IcV~tplv-noop.image?x-expires=1748723392&x-signature=lGGUsoCQJYD9g0yz8CKNeEmYnYc%3D,58,7483763412409847058,7483763412409847058,https://www.tiktok.com/@mnm_pipi/video/7483763412409847058,Malaysia,"Fuhhh sakan... konfiden teruk noh?! Megan Fox pun dia tak layan ohhh HAHA Laaaa badan sado, ketiak basah. ğŸ˜ƒ Nasib baik ada @NIVEA Malaysia DEEP Darkwood Deodorant.. ğŸ‘ğŸ» TENGOK VIDEO SAMPAI HABIS! Selamat Hari Raya! âœ¨ğŸŒ™ #NIVEAMEN #myNIVEAMEN #RayaBersamaNIVEA #NIVEAMENDEEP","Fuhhh sakan... konfiden teruk noh?! Megan Fox pun dia tak layan ohhh HAHA Laaaa badan sado, ketiak basah. ğŸ˜ƒ Nasib baik ada @NIVEA Malaysia DEEP Darkwood Deodorant.. ğŸ‘ğŸ» TENGOK VIDEO SAMPAI HABIS! Selamat Hari Raya! âœ¨ğŸŒ™ #NIVEAMEN #myNIVEAMEN #RayaBersamaNIVEA #NIVEAMENDEEP",2025-03-20 05:44:18,6.556096144257892e+18,Chazynash,original sound - iamchazynash,2025-03-20 06:04:22,58,7.483768602814959e+18,9148,576,145823,18038878,2340,https://www.tiktok.com/@mnm_pipi/video/7483763412409847058,58,1,"Fuhhh sakan... konfiden teruk noh?! Megan Fox pun dia tak layan ohhh HAHA Laaaa badan sado, ketiak basah. ğŸ˜ƒ Nasib baik ada @NIVEA Malaysia DEEP Darkwood Deodorant.. ğŸ‘ğŸ» TENGOK VIDEO SAMPAI HABIS! Selamat Hari Raya! âœ¨ğŸŒ™ #NIVEAMEN #myNIVEAMEN #RayaBersamaNIVEA #NIVEAMENDEEP Fuhhh sakan... konfiden teruk noh?! Megan Fox pun dia tak layan ohhh HAHA Laaaa badan sado, ketiak basah. ğŸ˜ƒ Nasib baik ada @NIVEA Malaysia DEEP Darkwood Deodorant.. ğŸ‘ğŸ» TENGOK VIDEO SAMPAI HABIS! Selamat Hari Raya! âœ¨ğŸŒ™ #NIVEAMEN #myNIVEAMEN #RayaBersamaNIVEA #NIVEAMENDEEP",541,80,0.1,0.35,6.556096144257892e+18,0,0.0,0.0,0.9999999445641828,0.0080838171817661,3.1931030747531484e-05,0.0001297198124118,0.0005071268563861,59884.80000000001,1,0.0,18038878.0,145823.0,100.0,0,0.0,"['niveamen', 'myniveamen', 'rayabersamanivea', 'niveamendeep', 'niveamen', 'myniveamen', 'rayabersamanivea', 'niveamendeep']",0,8,0,5.0,3.0,3.0,78.0,1,1,2025-06-06 17:51:01.230537
MY,https://p16-sign-sg.tiktokcdn.com/tos-alisg-p-0037/a2473cfb299b436890556434e94effd1_1709007678~tplv-noop.image?x-expires=1748723358&x-signature=PGmyO2%2B%2Fnl47tKCqcYbgaXXq5fU%3D,24,7340132049086369031,7340132049086369031,https://www.tiktok.com/@mnm_pipi/video/7340132049086369031,Malaysia,"ğ‘ğ„ğ€ğƒğ˜ ğ¬ğ­ğ¨ğ¤! Blacklist ğ™—ğ™¤ğ™¡ğ™šğ™ ğ™‡ğ™€ğ™‹ğ˜¼ğ™! Hari ni Approve, minggu depan dpt motor ğ—•ğ—”ğ—¥ğ—¨ anda! RM0 Deposit ada! Tanpa guarantor! #motorcycles #bayarbulanan #fyp #motor #motorsport #motorbike #motorcycle #motorcyclesoftiktok #bayarbulanbulan ","ğ‘ğ„ğ€ğƒğ˜ ğ¬ğ­ğ¨ğ¤! Blacklist ğ™—ğ™¤ğ™¡ğ™šğ™ ğ™‡ğ™€ğ™‹ğ˜¼ğ™! Hari ni Approve, minggu depan dpt motor ğ—•ğ—”ğ—¥ğ—¨ anda! RM0 Deposit ada! Tanpa guarantor! #motorcycles #bayarbulanan #fyp #motor #Motorsport #motorbike #motorcycle #motorcyclesoftiktok #bayarbulanbulan ",2024-02-27 04:21:15,7.262593438390011e+18,Gliterott & Slip.stream,Don't Play,2022-01-29 03:25:20,163,7.058463946868525e+18,12203,1611,74914,36034556,7677,https://www.tiktok.com/@mnm_pipi/video/7340132049086369031,24,1,"ğ‘ğ„ğ€ğƒğ˜ ğ¬ğ­ğ¨ğ¤! Blacklist ğ™—ğ™¤ğ™¡ğ™šğ™ ğ™‡ğ™€ğ™‹ğ˜¼ğ™! Hari ni Approve, minggu depan dpt motor ğ—•ğ—”ğ—¥ğ—¨ anda! RM0 Deposit ada! Tanpa guarantor! #motorcycles #bayarbulanan #fyp #motor #motorsport #motorbike #motorcycle #motorcyclesoftiktok #bayarbulanbulan  ğ‘ğ„ğ€ğƒğ˜ ğ¬ğ­ğ¨ğ¤! Blacklist ğ™—ğ™¤ğ™¡ğ™šğ™ ğ™‡ğ™€ğ™‹ğ˜¼ğ™! Hari ni Approve, minggu depan dpt motor ğ—•ğ—”ğ—¥ğ—¨ anda! RM0 Deposit ada! Tanpa guarantor! #motorcycles #bayarbulanan #fyp #motor #Motorsport #motorbike #motorcycle #motorcyclesoftiktok #bayarbulanbulan ",465,56,0.0,0.0,7.262593438390011e+18,0,0.0,0.0,0.9999999722488612,0.0020789488268164,4.470708492406331e-05,0.0002130454940794,0.0003386471491796,33204.600000000006,0,0.0,36034556.0,74914.0,100.0,0,0.0,"['motorcycles', 'bayarbulanan', 'fyp', 'motor', 'motorsport', 'motorbike', 'motorcycle', 'motorcyclesoftiktok', 'bayarbulanbulan', 'motorcycles', 'bayarbulanan', 'fyp', 'motor', 'motorsport', 'motorbike', 'motorcycle', 'motorcyclesoftiktok', 'bayarbulanbulan']",0,18,0,4.0,1.0,2.0,465.0,1,1,2025-06-06 17:51:01.230537
MY,https://p16-sign-sg.tiktokcdn.com/tos-alisg-p-0037/o4IMwfQfCrioSegfit53XPAhM8A1WMF5uKHflA~tplv-noop.image?x-expires=1748723353&x-signature=JmIDuC7epfp9kRnhA74yCgtO6V0%3D,19,7493761008528411922,7493761008528411922,https://www.tiktok.com/@mnm_pipi/video/7493761008528411922,Malaysia,ada yang sama? #blockblast #blockblastlove,ada yang sama? #blockblast #blockblastlove,2025-04-16 04:20:04,6.947590614088205e+18,Hycaa Dewii,original sound - hycaax5,2025-04-16 04:20:08,19,7.493761040392506e+18,117296,9937,2094949,160929141,110897,https://www.tiktok.com/@mnm_pipi/video/7493761008528411922,19,1,ada yang sama? #blockblast #blockblastlove ada yang sama? #blockblast #blockblastlove,85,10,0.0,0.0,6.947590614088205e+18,0,0.0,0.0,0.9999999937860852,0.013017834892825,6.174767277389698e-05,0.0006891045252698,0.0007288673669806,874869.7000000001,1,0.0,177564625.0,2112407.5,100.0,0,0.0,"['blockblast', 'blockblastlove', 'blockblast', 'blockblastlove']",0,4,0,4.0,2.0,4.0,51.0,1,1,2025-06-06 17:51:01.230537
MY,https://p16-sign-sg.tiktokcdn.com/tos-alisg-p-0037/osAgDIEPoQjDBjeQAIv8CXI7vMOgeyQYa2cfWA~tplv-noop.image?x-expires=1748723385&x-signature=GRoVr1esrSzcyWXDj0s%2Fopf5bk0%3D,51,7491614958233472264,7491614958233472264,https://www.tiktok.com/@mnm_pipi/video/7491614958233472264,Malaysia,"Skincare game strong with CeraVe ğŸ’™ Gentle, effective, and even kids-approved (like, literally ğŸ‘¶). Our skin? Soft, happy, and thriving! Now mummy & Isma can share our skincare routine ğŸ˜‰ @CeraVe #CeraVeMY #moisturiselikeaderm @guardian Malaysia Â #guardianmy","Skincare game strong with CeraVe ğŸ’™ Gentle, effective, and even kids-approved (like, literally ğŸ‘¶). Our skin? Soft, happy, and thriving! Now mummy & Isma can share our skincare routine ğŸ˜‰ @CeraVe #CeraVeMY #moisturiselikeaderm @guardian Malaysia Â #guardianmy",2025-04-10 09:32:18,6.545679891139248e+18,Naddysushi,original sound - naddysushi_,2025-04-10 09:32:23,51,7.491614997097745e+18,3330,180,106760,11913619,1170,https://www.tiktok.com/@mnm_pipi/video/7491614958233472264,51,1,"Skincare game strong with CeraVe ğŸ’™ Gentle, effective, and even kids-approved (like, literally ğŸ‘¶). Our skin? Soft, happy, and thriving! Now mummy & Isma can share our skincare routine ğŸ˜‰ @CeraVe #CeraVeMY #moisturiselikeaderm @guardian Malaysia Â #guardianmy Skincare game strong with CeraVe ğŸ’™ Gentle, effective, and even kids-approved (like, literally ğŸ‘¶). Our skin? Soft, happy, and thriving! Now mummy & Isma can share our skincare routine ğŸ˜‰ @CeraVe #CeraVeMY #moisturiselikeaderm @guardian Malaysia Â #guardianmy",511,72,0.3222222222222222,0.6805555555555557,6.545679891139248e+18,0,0.0,0.0,0.9999999160624562,0.0089611721710109,1.5108757875440044e-05,9.820692619036027e-05,0.0002795120206956,43325.0,1,0.0,11913619.0,106760.0,100.0,0,0.0,"['ceravemy', 'moisturiselikeaderm', 'guardianmy', 'ceravemy', 'moisturiselikeaderm', 'guardianmy']",0,6,0,9.0,3.0,4.0,57.0,1,1,2025-06-06 17:51:01.230537
MY,https://p16-sign-va.tiktokcdn.com/tos-maliva-p-0068/oYGfVIofQJqfJQIoNeNEiWeKPKOMEAO3GwA6LA~tplv-noop.image?x-expires=1748723389&x-signature=87qjA3yoO1Eny%2F6jMKCoj4YWBXU%3D,55,7502733966923795718,7502733966923795718,https://www.tiktok.com/@mnm_pipi/video/7502733966923795718,Malaysia,stecuuu dangduttnya ngenaaa kali bah dekkkk apalgi dicengkokinnn ğŸ¥°ğŸ˜˜ğŸ˜‡  @DA3 Alfin Khairi  #fyp#fypage#viral#trending#lagifyp#lagitrending#videoviral#rambo#indonesiamusic#pokoknyaafyp#stecustecu#stecu#farizadam#song#lgutimur#anakmedan,stecuuu dangduttnya ngenaaa kali bah dekkkk apalgi dicengkokinnn ğŸ¥°ğŸ˜˜ğŸ˜‡  @DA3 Alfin Khairi  #fyp#fypage#viral#trending#lagifyp#lagitrending#videoviral#rambo#indonesiamusic#pokoknyaafyp#stecustecu#stecu#farizadam#song#lgutimur#anakmedan,2025-05-10 08:39:46,6.802125573332059e+18,Rambo,original sound - ramboraspti,2025-05-10 08:39:51,55,7.502733969880894e+18,272112,57416,3563779,108990912,173031,https://www.tiktok.com/@mnm_pipi/video/7502733966923795718,55,1,stecuuu dangduttnya ngenaaa kali bah dekkkk apalgi dicengkokinnn ğŸ¥°ğŸ˜˜ğŸ˜‡  @DA3 Alfin Khairi  #fyp#fypage#viral#trending#lagifyp#lagitrending#videoviral#rambo#indonesiamusic#pokoknyaafyp#stecustecu#stecu#farizadam#song#lgutimur#anakmedan stecuuu dangduttnya ngenaaa kali bah dekkkk apalgi dicengkokinnn ğŸ¥°ğŸ˜˜ğŸ˜‡  @DA3 Alfin Khairi  #fyp#fypage#viral#trending#lagifyp#lagitrending#videoviral#rambo#indonesiamusic#pokoknyaafyp#stecustecu#stecu#farizadam#song#lgutimur#anakmedan,465,26,0.0,0.0,6.802125573332059e+18,0,0.0,0.0,0.9999999908249232,0.0326979461122598,0.0005267962109832,0.0015875727181035,0.0024966485049996,1504553.8,1,0.0,108990912.0,3563779.0,100.0,0,0.0,"['fyp', 'fypage', 'viral', 'trending', 'lagifyp', 'lagitrending', 'videoviral', 'rambo', 'indonesiamusic', 'pokoknyaafyp', 'stecustecu', 'stecu', 'farizadam', 'song', 'lgutimur', 'anakmedan', 'fyp', 'fypage', 'viral', 'trending', 'lagifyp', 'lagitrending', 'videoviral', 'rambo', 'indonesiamusic', 'pokoknyaafyp', 'stecustecu', 'stecu', 'farizadam', 'song', 'lgutimur', 'anakmedan']",0,32,0,8.0,5.0,5.0,27.0,1,1,2025-06-06 17:51:01.230537
MY,https://p16-sign-sg.tiktokcdn.com/tos-alisg-p-0037/oURB4aodB5RcECnEFOAQ9IIDAg0UASeBVTf6su~tplv-noop.image?x-expires=1748723362&x-signature=9uNX0InkX4qqWIkWVxDtkvX%2BfYw%3D,26,7494243481641045255,7494243481641045255,https://www.tiktok.com/@mnm_pipi/video/7494243481641045255,Malaysia,semangatin dong ğŸ˜” #blockblast #blockblastlove ,semangatin dong ğŸ˜” #blockblast #blockblastlove ,2025-04-17 11:32:18,6.903873849578931e+18,DJ BAI,Dynamic Stage,2021-03-29 16:33:29,180,6.945114866986322e+18,8796,937,148954,11615418,9553,https://www.tiktok.com/@mnm_pipi/video/7494243481641045255,26,1,semangatin dong ğŸ˜” #blockblast #blockblastlove  semangatin dong ğŸ˜” #blockblast #blockblastlove ,93,10,0.0,0.0,6.903873849578931e+18,0,0.0,0.0,0.9999999139075396,0.0128238163427423,8.066863537165555e-05,0.0008224412739652,0.0007572692814611,62652.9,0,0.0,11615418.0,148954.0,100.0,0,0.0,"['blockblast', 'blockblastlove', 'blockblast', 'blockblastlove']",0,4,0,11.0,3.0,4.0,49.0,1,1,2025-06-06 17:51:01.230537
MY,https://p16-sign-sg.tiktokcdn.com/tos-alisg-p-0037/oYEmu5REIBAf3QArBocgaONccBF2BGFDYf3wml~tplv-noop.image?x-expires=1748723396&x-signature=5mSQlQ362bETVpWBguj32SqQgSE%3D,60,7500056577949306130,7500056577949306130,https://www.tiktok.com/@mnm_pipi/video/7500056577949306130,Malaysia,#tiktoklive #livehighlights @faraa_insyiraa @einscessykrhğŸŒ· @NurNadirahQaisarah@Adeq ,#tiktoklive #livehighlights @faraa_insyiraa @einscessykrhğŸŒ· @NurNadirahQaisarah@Adeq ,2025-05-03 03:30:05,7.272380824263542e+18,Sahabat Ain Syakirah,original sound - shbtainsykrh,2025-05-03 03:30:10,60,7.500056612267757e+18,44637,14673,652373,20731795,17396,https://www.tiktok.com/@mnm_pipi/video/7500056577949306130,60,1,#tiktoklive #livehighlights @faraa_insyiraa @einscessykrhğŸŒ· @NurNadirahQaisarah@Adeq  #tiktoklive #livehighlights @faraa_insyiraa @einscessykrhğŸŒ· @NurNadirahQaisarah@Adeq ,169,10,0.0,0.0,7.272380824263542e+18,0,0.0,0.0,0.9999999517649122,0.0314672689235414,0.0007077534430688,0.0008390975871072,0.0021530696134575,273294.00000000006,1,0.0,20731795.0,652373.0,100.0,0,0.0,"['tiktoklive', 'livehighlights', 'tiktoklive', 'livehighlights']",0,4,0,3.0,5.0,5.0,34.0,1,1,2025-06-06 17:51:01.230537
MY,https://p16-sign-sg.tiktokcdn.com/tos-alisg-p-0037/owfAAQCTjywBQAT8ZfJGAUpYzNMMICXT4VcDfO~tplv-noop.image?x-expires=1748723410&x-signature=1E%2FMy76u91P5Z6D9FTDz807U5ng%3D,74,7497551269574348040,7497551269574348040,https://www.tiktok.com/@mnm_pipi/video/7497551269574348040,Malaysia,"AWAS EHHH !!! Korang dah pernah beli barang kat Taobao ke belum? Kalau belum, tekan link kat bio sekarang! Banyak barang best korang boleh beli kat situ. Murahhhhh! #taobaohaul #taobao #Taobao #Taobaoshop #Ordertaobao #TaobaoMY","AWAS EHHH !!! Korang dah pernah beli barang kat Taobao ke belum? Kalau belum, tekan link kat bio sekarang! Banyak barang best korang boleh beli kat situ. Murahhhhh! #taobaohaul #taobao #Taobao #Taobaoshop #Ordertaobao #TaobaoMY",2025-04-26 09:28:13,6.592088661373157e+18,NORR33N,original sound - norreen143_,2025-04-26 09:28:46,74,7.497551429700947e+18,7964,1729,129881,7922841,5710,https://www.tiktok.com/@mnm_pipi/video/7497551269574348040,74,1,"AWAS EHHH !!! Korang dah pernah beli barang kat Taobao ke belum? Kalau belum, tekan link kat bio sekarang! Banyak barang best korang boleh beli kat situ. Murahhhhh! #taobaohaul #taobao #Taobao #Taobaoshop #Ordertaobao #TaobaoMY AWAS EHHH !!! Korang dah pernah beli barang kat Taobao ke belum? Kalau belum, tekan link kat bio sekarang! Banyak barang best korang boleh beli kat situ. Murahhhhh! #taobaohaul #taobao #Taobao #Taobaoshop #Ordertaobao #TaobaoMY",455,68,1.0,0.3,6.592088661373157e+18,0,0.0,0.0,0.9999998737826654,0.0163932336401508,0.0002182297715895,0.0007207009807844,0.001005194853059,54409.5,1,0.0,7922841.0,129881.0,100.0,0,0.0,"['taobaohaul', 'taobao', 'taobao', 'taobaoshop', 'ordertaobao', 'taobaomy', 'taobaohaul', 'taobao', 'taobao', 'taobaoshop', 'ordertaobao', 'taobaomy']",0,12,0,9.0,5.0,4.0,41.0,1,1,2025-06-06 17:51:01.230537
MY,https://p19-vod-sign-useast2a.tiktokcdn-eu.com/tos-no1a-p-0037-no/o0MI6Ai85SQJWDypCictjLwIBfATiCD5wAk0cI~tplv-noop.image?x-expires=1748723353&x-signature=uQJcIU0NJcTiaWXXCgVdZ2NmfoA%3D,17,7494990939048430870,7494990939048430870,https://www.tiktok.com/@mnm_pipi/video/7494990939048430870,Malaysia,"POV: You just entered So Cherry Happy ASMR heaven ğŸ’âœ¨ Stay till the end, it only gets better! #socherryhappy #essencecosmetics #cherry #ASMR #BeautyASMR ","POV: You just entered So Cherry Happy ASMR heaven ğŸ’âœ¨ Stay till the end, it only gets better! #socherryhappy #essencecosmetics #cherry #ASMR #BeautyASMR ",2025-04-19 11:52:49,6.733170476795512e+18,essence.cosmetics,original sound - essence.cosmetics,2025-04-19 11:52:53,17,7.494990925338889e+18,19045,791,216871,30729669,9743,https://www.tiktok.com/@mnm_pipi/video/7494990939048430870,17,1,"POV: You just entered So Cherry Happy ASMR heaven ğŸ’âœ¨ Stay till the end, it only gets better! #socherryhappy #essencecosmetics #cherry #ASMR #BeautyASMR  POV: You just entered So Cherry Happy ASMR heaven ğŸ’âœ¨ Stay till the end, it only gets better! #socherryhappy #essencecosmetics #cherry #ASMR #BeautyASMR ",305,46,0.475,0.8333333333333334,6.733170476795512e+18,0,0.0,0.0,0.99999996745816,0.0070573813516383,2.5740595326926717e-05,0.0003170551457272,0.0006197593400775,90838.80000000002,1,0.0,30729669.0,216871.0,100.0,0,0.0,"['socherryhappy', 'essencecosmetics', 'cherry', 'asmr', 'beautyasmr', 'socherryhappy', 'essencecosmetics', 'cherry', 'asmr', 'beautyasmr']",0,10,0,11.0,5.0,4.0,47.0,1,1,2025-06-06 17:51:01.230537
MY,https://p16-sign-sg.tiktokcdn.com/tos-alisg-p-0037/oQZRoLEEJ588VsUJEfcjK0gIDfAHFBDUvB6oCI~tplv-noop.image?x-expires=1748723394&x-signature=ExWstY%2BbxZ3WUna3lJ1mwZpLR30%3D,58,7506419053645335825,7506419053645335825,https://www.tiktok.com/@mnm_pipi/video/7506419053645335825,Malaysia,Lepasni @Yuna Zainal bolehla belanja tiket konsert @Inteam_Official pulak ğŸ¥° @sweet boys  #isteribelanjasuami #inteam #sweetboys ,Lepasni @Yuna Zainal bolehla belanja tiket konsert @Inteam_Official pulak ğŸ¥° @sweet boys  #isteribelanjasuami #inteam #sweetboys ,2025-05-20 07:00:35,6.855864231130449e+18,Papa Ayie,original sound - ansariramlii,2025-05-20 07:00:39,58,7.506419300736667e+18,46400,16543,647662,8313460,163764,https://www.tiktok.com/@mnm_pipi/video/7506419053645335825,58,1,Lepasni @Yuna Zainal bolehla belanja tiket konsert @Inteam_Official pulak ğŸ¥° @sweet boys  #isteribelanjasuami #inteam #sweetboys  Lepasni @Yuna Zainal bolehla belanja tiket konsert @Inteam_Official pulak ğŸ¥° @sweet boys  #isteribelanjasuami #inteam #sweetboys ,257,30,0.35,0.65,6.855864231130449e+18,0,0.0,0.0,0.9999998797131544,0.0779052190176871,0.0019899052873406,0.0196986549885781,0.0055813096374662,301420.5,1,0.0,8313460.0,647662.0,100.0,0,0.0,"['isteribelanjasuami', 'inteam', 'sweetboys', 'isteribelanjasuami', 'inteam', 'sweetboys']",1,6,0,7.0,1.0,5.0,17.0,1,1,2025-06-06 17:51:01.230537
MY,https://p16-sign-sg.tiktokcdn.com/tos-alisg-p-0037/owytfGIIIDAQ7zAeD6LoBskfl2V5xIAxGC9jCo~tplv-noop.image?x-expires=1748723366&x-signature=%2Fdyfq2MvVX3epnLsI7z5hAHvM3I%3D,30,7494530021332225288,7494530021332225288,https://www.tiktok.com/@mnm_pipi/video/7494530021332225288,Malaysia,Ambil mengikut dos yang dicadangkan 2biji setiap hari.. Kulit makin glowingğŸ˜ #lglutathione #glutathionegummies #glutathione ,Ambil mengikut dos yang dicadangkan 2biji setiap hari.. Kulit makin glowingğŸ˜ #lglutathione #glutathionegummies #glutathione ,2025-04-18 06:04:14,6.807287434213066e+18,PipiComel89,JANGAN CURIK GUNA SOUND AKU,2025-04-18 06:04:18,30,7.494530054543068e+18,12630,2176,54394,11133993,5782,https://www.tiktok.com/@mnm_pipi/video/7494530021332225288,30,1,Ambil mengikut dos yang dicadangkan 2biji setiap hari.. Kulit makin glowingğŸ˜ #lglutathione #glutathionegummies #glutathione  Ambil mengikut dos yang dicadangkan 2biji setiap hari.. Kulit makin glowingğŸ˜ #lglutathione #glutathionegummies #glutathione ,249,28,0.0,0.0,6.807287434213066e+18,0,0.0,0.0,0.9999999101849704,0.0048853987167587,0.0001954375042774,0.000519310500796,0.0011343638230809,24829.800000000003,0,0.0,11133993.0,54394.0,100.0,0,0.0,"['lglutathione', 'glutathionegummies', 'glutathione', 'lglutathione', 'glutathionegummies', 'glutathione']",0,6,0,6.0,4.0,4.0,49.0,1,1,2025-06-06 17:51:01.230537
MY,https://p16-sign-sg.tiktokcdn.com/tos-alisg-p-0037/oIfgRCTloEU5ExB9JBIFqUYEIXDBd7AIPgfI4A~tplv-noop.image?x-expires=1748723364&x-signature=m6264JKXkx7u5hCVwD%2B%2FA%2BFgqTA%3D,25,7503040426841099541,7503040426841099541,https://www.tiktok.com/@mnm_pipi/video/7503040426841099541,Malaysia,ikhtiar alih tanda lahir.. operasi tanpa booking dari Jumaat hingga Selasa. 8.30pg hingga 5ptg. #tandalahir #rawat #ayahmat ,ikhtiar alih tanda lahir.. operasi tanpa booking dari Jumaat hingga Selasa. 8.30pg hingga 5ptg. #tandalahir #rawat #ayahmat ,2025-05-11 04:29:02,7.004078482129831e+18,pinegroove,Cuba,2024-06-03 13:19:48,160,7.376265312357943e+18,21110,6728,232407,18594072,20182,https://www.tiktok.com/@mnm_pipi/video/7503040426841099541,25,1,ikhtiar alih tanda lahir.. operasi tanpa booking dari Jumaat hingga Selasa. 8.30pg hingga 5ptg. #tandalahir #rawat #ayahmat  ikhtiar alih tanda lahir.. operasi tanpa booking dari Jumaat hingga Selasa. 8.30pg hingga 5ptg. #tandalahir #rawat #ayahmat ,249,34,0.0,0.0,7.004078482129831e+18,0,0.0,0.0,0.9999999462194216,0.0124989828748117,0.0003618357312031,0.0010853996324527,0.0011353080091704,101128.6,0,0.0,18594072.0,232407.0,100.0,0,0.0,"['tandalahir', 'rawat', 'ayahmat', 'tandalahir', 'rawat', 'ayahmat']",0,6,0,4.0,6.0,5.0,26.0,1,1,2025-06-06 17:51:01.230537
MY,https://p16-sign-sg.tiktokcdn.com/tos-alisg-p-0037/o0HCQ77eBwIQLDAMgC5ojeMGAIfIoEJixIOJgB~tplv-noop.image?x-expires=1748723524&x-signature=yqxA%2FsrHK7eidRFs2IsyStxNT70%3D,185,7501938954644573448,7501938954644573448,https://www.tiktok.com/@mnm_pipi/video/7501938954644573448,Malaysia,"Bestiee, mcm yg dijanjikan, Aqish spill makeup yg Aqish gunağŸ’›  #peterthomasroth #hourglass #seamakeup #naturaloil #hudabeauty ","Bestiee, mcm yg dijanjikan, Aqish spill makeup yg Aqish gunağŸ’›  #peterthomasroth #hourglass #seamakeup #naturaloil #hudabeauty ",2025-05-08 05:14:39,7.150234890704471e+18,Puteri Balqis Ashikin,original sound - morosechildofficial,2025-05-08 05:14:47,185,7.501939001759223e+18,8746,371,54118,7103797,1579,https://www.tiktok.com/@mnm_pipi/video/7501938954644573448,185,1,"Bestiee, mcm yg dijanjikan, Aqish spill makeup yg Aqish gunağŸ’›  #peterthomasroth #hourglass #seamakeup #naturaloil #hudabeauty  Bestiee, mcm yg dijanjikan, Aqish spill makeup yg Aqish gunağŸ’›  #peterthomasroth #hourglass #seamakeup #naturaloil #hudabeauty ",253,30,0.0,0.0,7.150234890704471e+18,0,0.0,0.0,0.9999998592302316,0.0076181783322104,5.2225584117115945e-05,0.0002222754644768,0.0012311723953862,22948.9,1,0.0,7103797.0,54118.0,100.0,0,0.0,"['peterthomasroth', 'hourglass', 'seamakeup', 'naturaloil', 'hudabeauty', 'peterthomasroth', 'hourglass', 'seamakeup', 'naturaloil', 'hudabeauty']",0,10,0,5.0,3.0,5.0,29.0,1,1,2025-06-06 17:51:01.230537
MY,https://p16-sign-sg.tiktokcdn.com/tos-alisg-p-0037/oEIQNjofDGgVCogWRELxAAQIjAveCcLeIFCQio~tplv-noop.image?x-expires=1748723414&x-signature=c%2BgnRpF2TLfhJXnSjzA363Osf8I%3D,75,7506164023289826567,7506164023289826567,https://www.tiktok.com/@mnm_pipi/video/7506164023289826567,Malaysia,ğŸš€ First look Infinix GT 30 Pro! Dari action Naruto sampai gaming macam pro â€” phone ni memang power! ğŸ’¥ğŸ”¥ @Infinix Malaysia #Infinix #InfinixMalaysia #InfinixGT30Pro #AllDayFullFPS #CARRRRRRY #carrylikeapro ,ğŸš€ First look Infinix GT 30 Pro! Dari action Naruto sampai gaming macam pro â€” phone ni memang power! ğŸ’¥ğŸ”¥ @Infinix Malaysia #Infinix #InfinixMalaysia #InfinixGT30Pro #AllDayFullFPS #CARRRRRRY #carrylikeapro ,2025-05-19 14:30:05,6.754074898354652e+18,xkpenjahat,original sound - xkpenjahat,2025-05-19 14:30:09,75,7.506164050473045e+18,2626,307,53779,6792042,1008,https://www.tiktok.com/@mnm_pipi/video/7506164023289826567,75,1,ğŸš€ First look Infinix GT 30 Pro! Dari action Naruto sampai gaming macam pro â€” phone ni memang power! ğŸ’¥ğŸ”¥ @Infinix Malaysia #Infinix #InfinixMalaysia #InfinixGT30Pro #AllDayFullFPS #CARRRRRRY #carrylikeapro  ğŸš€ First look Infinix GT 30 Pro! Dari action Naruto sampai gaming macam pro â€” phone ni memang power! ğŸ’¥ğŸ”¥ @Infinix Malaysia #Infinix #InfinixMalaysia #InfinixGT30Pro #AllDayFullFPS #CARRRRRRY #carrylikeapro ,409,56,0.21875,0.2166666666666666,6.754074898354652e+18,0,0.0,0.0,0.9999998527688944,0.0079179416266946,4.519994941139213e-05,0.0001484089544191,0.0003866288832388,22067.9,1,0.0,6792042.0,53779.0,100.0,0,0.0,"['infinix', 'infinixmalaysia', 'infinixgt30pro', 'alldayfullfps', 'carrrrrry', 'carrylikeapro', 'infinix', 'infinixmalaysia', 'infinixgt30pro', 'alldayfullfps', 'carrrrrry', 'carrylikeapro']",1,12,0,14.0,0.0,5.0,17.0,1,1,2025-06-06 17:51:01.230537
MY,https://p16-sign-sg.tiktokcdn.com/tos-alisg-p-0037/ocRW2FEIEBgoXFEfjcFUTb84s6OrLEApDB3RBe~tplv-noop.image?x-expires=1748723366&x-signature=qcbwbkDU%2B9bVY29kS811ngKXhNI%3D,27,7499464918379416839,7499464918379416839,https://www.tiktok.com/@mnm_pipi/video/7499464918379416839,Malaysia,â¤ï¸,â¤ï¸,2025-05-01 13:14:09,6.918300421287478e+18,Intannajuwa,original sound - intannajuwaaa,2025-05-01 13:14:13,27,7.49946495474395e+18,22227,3610,701269,8667071,24155,https://www.tiktok.com/@mnm_pipi/video/7499464918379416839,27,1,â¤ï¸ â¤ï¸,5,2,0.0,0.0,6.918300421287478e+18,0,0.0,0.0,0.9999998846207808,0.0809118696602497,0.0004165189812661,0.0027869850394689,0.0025645339048758,288644.30000000005,1,0.0,8667071.0,701269.0,100.0,0,0.0,[],0,0,0,13.0,3.0,5.0,35.0,1,1,2025-06-06 17:51:01.230537
MY,https://p16-sign-sg.tiktokcdn.com/tos-alisg-p-0037/ocfYNcxEGWIdHEHoAwBIRbOFsf8U5kEUBD9BgF~tplv-noop.image?x-expires=1748723379&x-signature=pWwroYBLteo6UZneW7C%2B6G2lyA4%3D,40,7501990294330559762,7501990294330559762,https://www.tiktok.com/@mnm_pipi/video/7501990294330559762,Malaysia,æœ¬æ¥æƒ³è·³ï¼Œç»“æœå¸…è¿‡å¤´äº†ï¼Œå•Š æ˜¯æ»‘è¿‡å¤´äº†ï¼ğŸ¤£ ä¸€å¤§æ”¯NIVEA  Intensive Moisture body lotionæˆ‘å»ä¸ªæ—¥æœ¬å’ŒéŸ©å›½ç”¨äº†åŠç“¶äº†ï¼ï¼çœŸçš„å¤ªå¥½ç”¨ ç”¨å®Œè‚Œè‚¤ä¸€æ ·æ»‘ ğŸ˜ åŒå€çš„æ•ˆæœï¼Œå®Œå…¨ä¸ç²˜è…» ä¿æ¹¿æŠ—æŠ—çš„ï¼ #NIVEAIntensiveMoisture #myNIVEA #StopBuyingWateryLotion #BodyLotion #MoistureLotion @NIVEA Malaysia ,æœ¬æ¥æƒ³è·³ï¼Œç»“æœå¸…è¿‡å¤´äº†ï¼Œå•Š æ˜¯æ»‘è¿‡å¤´äº†ï¼ğŸ¤£ ä¸€å¤§æ”¯NIVEA  Intensive Moisture body lotionæˆ‘å»ä¸ªæ—¥æœ¬å’ŒéŸ©å›½ç”¨äº†åŠç“¶äº†ï¼ï¼çœŸçš„å¤ªå¥½ç”¨ ç”¨å®Œè‚Œè‚¤ä¸€æ ·æ»‘ ğŸ˜ åŒå€çš„æ•ˆæœï¼Œå®Œå…¨ä¸ç²˜è…» ä¿æ¹¿æŠ—æŠ—çš„ï¼ #NIVEAIntensiveMoisture #myNIVEA #StopBuyingWateryLotion #BodyLotion #MoistureLotion @NIVEA Malaysia ,2025-05-08 08:33:53,6.513724941467828e+18,Sek Hao Ho,Ruthless Sugar (Two AM Music),2024-03-13 16:43:28,57,7.345889368433265e+18,2589,146,59834,6659218,731,https://www.tiktok.com/@mnm_pipi/video/7501990294330559762,40,1,æœ¬æ¥æƒ³è·³ï¼Œç»“æœå¸…è¿‡å¤´äº†ï¼Œå•Š æ˜¯æ»‘è¿‡å¤´äº†ï¼ğŸ¤£ ä¸€å¤§æ”¯NIVEA  Intensive Moisture body lotionæˆ‘å»ä¸ªæ—¥æœ¬å’ŒéŸ©å›½ç”¨äº†åŠç“¶äº†ï¼ï¼çœŸçš„å¤ªå¥½ç”¨ ç”¨å®Œè‚Œè‚¤ä¸€æ ·æ»‘ ğŸ˜ åŒå€çš„æ•ˆæœï¼Œå®Œå…¨ä¸ç²˜è…» ä¿æ¹¿æŠ—æŠ—çš„ï¼ #NIVEAIntensiveMoisture #myNIVEA #StopBuyingWateryLotion #BodyLotion #MoistureLotion @NIVEA Malaysia  æœ¬æ¥æƒ³è·³ï¼Œç»“æœå¸…è¿‡å¤´äº†ï¼Œå•Š æ˜¯æ»‘è¿‡å¤´äº†ï¼ğŸ¤£ ä¸€å¤§æ”¯NIVEA  Intensive Moisture body lotionæˆ‘å»ä¸ªæ—¥æœ¬å’ŒéŸ©å›½ç”¨äº†åŠç“¶äº†ï¼ï¼çœŸçš„å¤ªå¥½ç”¨ ç”¨å®Œè‚Œè‚¤ä¸€æ ·æ»‘ ğŸ˜ åŒå€çš„æ•ˆæœï¼Œå®Œå…¨ä¸ç²˜è…» ä¿æ¹¿æŠ—æŠ—çš„ï¼ #NIVEAIntensiveMoisture #myNIVEA #StopBuyingWateryLotion #BodyLotion #MoistureLotion @NIVEA Malaysia ,427,36,0.0,0.0,6.513724941467828e+18,0,0.0,0.0,0.99999984983224,0.0089851377466336,2.1924492947296076e-05,0.0001097726324963,0.0003887843304147,24382.500000000004,0,0.0,6659218.0,59834.0,100.0,0,0.0,"['niveaintensivemoisture', 'mynivea', 'stopbuyingwaterylotion', 'bodylotion', 'moisturelotion', 'niveaintensivemoisture', 'mynivea', 'stopbuyingwaterylotion', 'bodylotion', 'moisturelotion']",0,10,0,8.0,3.0,5.0,29.0,1,1,2025-06-06 17:51:01.230537
MY,https://p19-vod-sign-useast2a.tiktokcdn-eu.com/tos-useast2a-p-4864-euttp/oQAf0f4YwgzSZSfALcEMP0lc0TfMhgefvZDzgB~tplv-noop.image?x-expires=1748723359&x-signature=N0Jiu4Gtdz%2BXIenWy%2Bl5h%2F6LfN8%3D,20,7492364282097634592,7492364282097634592,https://www.tiktok.com/@mnm_pipi/video/7492364282097634592,Malaysia,What it feels like to play Clash after the last few updates ğŸ˜ #Clashamania #clash #coc #wwe,What it feels like to play Clash after the last few updates ğŸ˜ #Clashamania #clash #coc #WWE,2025-04-12 10:01:18,6.722735877665523e+18,Clash of Clans,original sound - clashofclans,2025-04-12 10:01:24,20,7.49236459353316e+18,20054,6670,503577,224949657,15033,https://www.tiktok.com/@mnm_pipi/video/7492364282097634592,20,1,What it feels like to play Clash after the last few updates ğŸ˜ #Clashamania #clash #coc #wwe What it feels like to play Clash after the last few updates ğŸ˜ #Clashamania #clash #coc #WWE,183,34,-0.1,0.0833333333333333,6.722735877665523e+18,0,0.0,0.0,0.9999999955545608,0.002238620874009,2.965107864267124e-05,6.682828564247028e-05,8.914883524739567e-05,208443.8,1,0.0,224949657.0,503577.0,100.0,0,0.0,"['clashamania', 'clash', 'coc', 'wwe', 'clashamania', 'clash', 'coc', 'wwe']",0,8,0,10.0,5.0,4.0,54.0,1,1,2025-06-06 17:51:01.230537
MY,https://p16-sign-va.tiktokcdn.com/tos-maliva-p-0068/okIViSEQiI9hgQTBUEAB2BaZMBIGv0VhTE3TB~tplv-noop.image?x-expires=1748723357&x-signature=8z%2BoF2%2F3fdvnHeqxyDHO5Mgh%2BDk%3D,18,7499359148442668343,7499359148442668343,https://www.tiktok.com/@mnm_pipi/video/7499359148442668343,Malaysia,papi discoğŸ¤™ğŸ»ğŸ¤™ğŸ»,papi discoğŸ¤™ğŸ»ğŸ¤™ğŸ»,2025-05-01 06:23:45,6.999850017969292e+18,- ğ™§ğ™–ğ™–ğ™¥ğ™¥ğ™¯ğ™¯ğ™¯ğ™œğ™–ğ™˜ğ™¤ğ™§ -,original sound - chompenk76,2025-02-01 15:04:28,47,7.466466761632124e+18,165355,14333,1327889,29976178,68663,https://www.tiktok.com/@mnm_pipi/video/7499359148442668343,18,1,papi discoğŸ¤™ğŸ»ğŸ¤™ğŸ» papi discoğŸ¤™ğŸ»ğŸ¤™ğŸ»,29,4,0.0,0.0,6.999850017969292e+18,0,0.0,0.0,0.999999966640178,0.0442981408671198,0.0004781463307915,0.002290585467881,0.0055162133906392,565723.6,1,0.0,29976178.0,1327889.0,100.0,0,0.0,[],0,0,0,6.0,3.0,5.0,36.0,1,1,2025-06-06 17:51:01.230537
MY,https://p16-sign-sg.tiktokcdn.com/tos-alisg-p-0037/o0VBYmaYABbov60IAiiB5B6CE7AkQhIIEPiLk~tplv-noop.image?x-expires=1748723352&x-signature=8UuhB%2BZQ%2BrehzjlgN6lWLV6YXgA%3D,13,7500818817593986312,7500818817593986312,https://www.tiktok.com/@mnm_pipi/video/7500818817593986312,Malaysia,tips ingat fakta by @hjratul08..ğŸ”¥ .  Setiap orang ada kelebihan masing-masing untuk mengingat fakta.. Pelajar ini telah menggunakan kelebihannya sendiri untuk menjawab soalan..  .  Gunakan kelebihan yang ada pada diri anda dan sentiasa percaya pada diri sendiri.. in shaa Allah..  .  p/s: Rakaman video ini telah mendapat keizinan pelajar dan kedua ibubapa pelajar tersebut untuk di muatnaik.. Harap maklum..  #spmcandidates #batch08 #spm2025 #xyzabc #fyp #fyppppppppppppppppppppppp #fypage #berandatiktok #sabahancrew_fams #jj ,tips ingat fakta by @hjratul08..ğŸ”¥ .  Setiap orang ada kelebihan masing-masing untuk mengingat fakta.. Pelajar ini telah menggunakan kelebihannya sendiri untuk menjawab soalan..  .  Gunakan kelebihan yang ada pada diri anda dan sentiasa percaya pada diri sendiri.. in shaa Allah..  .  p/s: Rakaman video ini telah mendapat keizinan pelajar dan kedua ibubapa pelajar tersebut untuk di muatnaik.. Harap maklum..  #spmcandidates #batch08 #spm2025 #xyzabc #fyp #fyppppppppppppppppppppppp #fypage #berandatiktok #sabahancrew_fams #jj ,2025-05-05 04:47:59,7.019801637669619e+18,Kael Drakon,Velocity Joget Asik,2025-03-05 00:47:29,60,7.478113181581199e+18,43300,8063,884679,10099077,181746,https://www.tiktok.com/@mnm_pipi/video/7500818817593986312,13,1,tips ingat fakta by @hjratul08..ğŸ”¥ .  Setiap orang ada kelebihan masing-masing untuk mengingat fakta.. Pelajar ini telah menggunakan kelebihannya sendiri untuk menjawab soalan..  .  Gunakan kelebihan yang ada pada diri anda dan sentiasa percaya pada diri sendiri.. in shaa Allah..  .  p/s: Rakaman video ini telah mendapat keizinan pelajar dan kedua ibubapa pelajar tersebut untuk di muatnaik.. Harap maklum..  #spmcandidates #batch08 #spm2025 #xyzabc #fyp #fyppppppppppppppppppppppp #fypage #berandatiktok #sabahancrew_fams #jj  tips ingat fakta by @hjratul08..ğŸ”¥ .  Setiap orang ada kelebihan masing-masing untuk mengingat fakta.. Pelajar ini telah menggunakan kelebihannya sendiri untuk menjawab soalan..  .  Gunakan kelebihan yang ada pada diri anda dan sentiasa percaya pada diri sendiri.. in shaa Allah..  .  p/s: Rakaman video ini telah mendapat keizinan pelajar dan kedua ibubapa pelajar tersebut untuk di muatnaik.. Harap maklum..  #spmcandidates #batch08 #spm2025 #xyzabc #fyp #fyppppppppppppppppppppppp #fypage #berandatiktok #sabahancrew_fams #jj ,1057,138,0.0,0.0,7.019801637669619e+18,0,0.0,0.0,0.9999999009810598,0.0875999769483907,0.0007983897143877,0.0179962962955628,0.0042875201082712,396969.70000000007,0,0.0,10099077.0,884679.0,100.0,0,0.0,"['spmcandidates', 'batch08', 'spm2025', 'xyzabc', 'fyp', 'fyppppppppppppppppppppppp', 'fypage', 'berandatiktok', 'sabahancrew_fams', 'jj', 'spmcandidates', 'batch08', 'spm2025', 'xyzabc', 'fyp', 'fyppppppppppppppppppppppp', 'fypage', 'berandatiktok', 'sabahancrew_fams', 'jj']",0,20,0,4.0,0.0,5.0,32.0,1,1,2025-06-06 17:51:01.230537
MY,https://p16-sign-va.tiktokcdn.com/tos-maliva-p-85c255c799-us/oMZvpnAMZQ9rneuOJAGvAfhd86gxfCHkAMsDLW~tplv-noop.image?x-expires=1748723354&x-signature=X2W08NE2fTGH%2FzYfTZB3MJi8Aig%3D,12,7428546040405511466,7428546040405511466,https://www.tiktok.com/@mnm_pipi/video/7428546040405511466,Malaysia,ğŸ’¥ Price Drop Alert ğŸ’¥ Don't miss out on Temu's BIG SALE EVENT!,ğŸ’¥ Price Drop Alert ğŸ’¥ Don't miss out on Temu's BIG SALE EVENT!,2024-10-22 10:32:45,7.277133862680528e+18,temu_techfinds,original sound - temu_techfinds,2024-10-22 10:32:48,12,7.428545953101139e+18,13217,2112,286690,113589662,5305,https://www.tiktok.com/@mnm_pipi/video/7428546040405511466,12,1,ğŸ’¥ Price Drop Alert ğŸ’¥ Don't miss out on Temu's BIG SALE EVENT! ğŸ’¥ Price Drop Alert ğŸ’¥ Don't miss out on Temu's BIG SALE EVENT!,123,26,0.0,0.1,7.277133862680528e+18,0,0.0,0.0,0.999999991196382,0.0025239092398751,1.859324118251852e-05,4.6703193405899975e-05,0.0001163574188964,117692.3,1,0.0,188150357.0,352747.5,100.0,0,0.0,[],0,0,0,10.0,1.0,10.0,226.0,1,1,2025-06-06 17:51:01.230537
MY,https://p16-sign-sg.tiktokcdn.com/tos-alisg-p-0037/o4w7LiZi0AiPOJu0ABAsc29DiDvIqIfIICdGbc~tplv-noop.image?x-expires=1748723430&x-signature=VcPQ8e5yB%2FcrddinlJ47g5gIFdk%3D,88,7501651570598137106,7501651570598137106,https://www.tiktok.com/@mnm_pipi/video/7501651570598137106,Malaysia,"maaf lah excited, benda tak selalu jadi ğŸ˜”ğŸ¥¹","maaf lah excited, benda tak selalu jadi ğŸ˜”ğŸ¥¹",2025-05-07 10:39:27,6.888996320191759e+18,Tun Laila,original sound - yarafaee,2025-05-07 10:40:06,88,7.501651746494664e+18,5870,432,86348,6514291,1635,https://www.tiktok.com/@mnm_pipi/video/7501651570598137106,88,1,"maaf lah excited, benda tak selalu jadi ğŸ˜”ğŸ¥¹ maaf lah excited, benda tak selalu jadi ğŸ˜”ğŸ¥¹",85,16,0.375,0.75,6.888996320191759e+18,0,0.0,0.0,0.9999998464913762,0.0132551626485272,6.631572548482628e-05,0.0002509865999252,0.0009010956217498,35582.8,1,0.0,6514291.0,86348.0,100.0,0,0.0,[],0,0,0,10.0,2.0,5.0,29.0,1,1,2025-06-06 17:51:01.230537
MY,https://p16-sign-sg.tiktokcdn.com/tos-alisg-p-0037/o0YViWalBSADVZh3CiVsECiIBP4vHgoItGohA~tplv-noop.image?x-expires=1748723449&x-signature=CzmDk3rhwnUvzEkrIl0vWF7reKk%3D,107,7503443497354087698,7503443497354087698,https://www.tiktok.com/@mnm_pipi/video/7503443497354087698,Malaysia,"Grana padano sebiji RM 6000 @HAVOCFOODFESTIVAL  DATARAN CENTRIO,SEREMBAN 15 Mei - 18 Mei 2025 #MacMafiaCheese #havocfoodfestival #granapadano #granapadano #fyp #havoc #granapadanoMafia #CheesePadu #spaghetti  ","Grana padano sebiji RM 6000 @HAVOCFOODFESTIVAL  DATARAN CENTRIO,SEREMBAN 15 Mei - 18 Mei 2025 #MacMafiaCheese #havocfoodfestival #granapadano #granapadano #fyp #havoc #granapadanoMafia #CheesePadu #spaghetti  ",2025-05-12 06:33:04,6.815159590767592e+18,Rian DTM,Mix Lagu Viral Terbaik,2022-07-28 07:41:34,264,7.125325369565825e+18,36401,4991,671154,28846837,12733,https://www.tiktok.com/@mnm_pipi/video/7503443497354087698,107,1,"Grana padano sebiji RM 6000 @HAVOCFOODFESTIVAL  DATARAN CENTRIO,SEREMBAN 15 Mei - 18 Mei 2025 #MacMafiaCheese #havocfoodfestival #granapadano #granapadano #fyp #havoc #granapadanoMafia #CheesePadu #spaghetti   Grana padano sebiji RM 6000 @HAVOCFOODFESTIVAL  DATARAN CENTRIO,SEREMBAN 15 Mei - 18 Mei 2025 #MacMafiaCheese #havocfoodfestival #granapadano #granapadano #fyp #havoc #granapadanoMafia #CheesePadu #spaghetti  ",419,46,0.0,0.0,6.815159590767592e+18,0,0.0,0.0,0.9999999653341556,0.023266120189672,0.000173017229826,0.000441400197831,0.0012618714051085,276145.6,0,0.0,28846837.0,671154.0,100.0,0,0.0,"['macmafiacheese', 'havocfoodfestival', 'granapadano', 'granapadano', 'fyp', 'havoc', 'granapadanomafia', 'cheesepadu', 'spaghetti', 'macmafiacheese', 'havocfoodfestival', 'granapadano', 'granapadano', 'fyp', 'havoc', 'granapadanomafia', 'cheesepadu', 'spaghetti']",0,18,0,6.0,0.0,5.0,25.0,1,1,2025-06-06 17:51:01.230537
MY,https://p16-sign-sg.tiktokcdn.com/tos-alisg-p-0037/o4VBEq9JCBAOg1O9mMi9AI0CsCBwPAnCIufmRi~tplv-noop.image?x-expires=1748723440&x-signature=V%2BsH5MmWSjHIIxXH7%2BihTCU2hQg%3D,98,7498916591493516562,7498916591493516562,https://www.tiktok.com/@mnm_pipi/video/7498916591493516562,Malaysia,Stokin murah bapak!!! ,Stokin murah bapak!!! ,2025-04-30 01:46:23,6.958325706394158e+18,bitchbaby,Beat,2024-10-26 16:30:43,60,7.430122231988308e+18,8636,353,68775,6778357,3632,https://www.tiktok.com/@mnm_pipi/video/7498916591493516562,98,1,Stokin murah bapak!!!  Stokin murah bapak!!! ,45,6,0.0,0.0,6.958325706394158e+18,0,0.0,0.0,0.9999998524716458,0.0101462625609328,5.207750903684934e-05,0.0005358229824981,0.0012740548669751,29205.9,0,0.0,6778357.0,68775.0,100.0,0,0.0,[],0,0,0,1.0,2.0,4.0,37.0,1,1,2025-06-06 17:51:01.230537
MY,https://p16-sign-va.tiktokcdn.com/tos-maliva-p-0068/okZgBT0ITGpBsAZcolkHbfiyiCAIwBC7jv9O9E~tplv-noop.image?x-expires=1748723391&x-signature=8%2FRCrt5ImdKbmMLuRx22HE9pB7c%3D,49,7499461448075185414,7499461448075185414,https://www.tiktok.com/@mnm_pipi/video/7499461448075185414,Malaysia,"Cukuplah #india . Aku tak akan kembali. Tak pernah dalam sejarah saya travel saya share benda negatif lebih daripada positif. But this is my pov. yours might be different. Cakaplah Kashmir ke Kerala ke cantik n bersih, for me India is DONE.","Cukuplah #india . Aku tak akan kembali. Tak pernah dalam sejarah saya travel saya share benda negatif lebih daripada positif. But this is my pov. yours might be different. Cakaplah Kashmir ke Kerala ke cantik n bersih, for me India is DONE.",2025-05-01 13:00:43,6.921113376258442e+18,StmNir,original sound - stmnir,2024-09-02 05:09:57,54,7.409908532897697e+18,17785,7825,297485,7878912,19657,https://www.tiktok.com/@mnm_pipi/video/7499461448075185414,49,1,"Cukuplah #india . Aku tak akan kembali. Tak pernah dalam sejarah saya travel saya share benda negatif lebih daripada positif. But this is my pov. yours might be different. Cakaplah Kashmir ke Kerala ke cantik n bersih, for me India is DONE. Cukuplah #india . Aku tak akan kembali. Tak pernah dalam sejarah saya travel saya share benda negatif lebih daripada positif. But this is my pov. yours might be different. Cakaplah Kashmir ke Kerala ke cantik n bersih, for me India is DONE.",481,84,0.0,0.6,6.921113376258442e+18,0,0.0,0.0,0.9999998730789388,0.0377571119264802,0.0009931573048211,0.0024948873023474,0.0022572910755582,127051.4,1,0.0,7878912.0,297485.0,100.0,0,0.0,"['india', 'india']",0,2,0,13.0,3.0,5.0,35.0,1,1,2025-06-06 17:51:01.230537
MY,https://p16-sign-sg.tiktokcdn.com/tos-alisg-p-0037/oIuIT7LzIIGzvEAAkq4AefI2PnQ9jHPDofToRC~tplv-noop.image?x-expires=1748723374&x-signature=U1MJVz3Og38QNkUeiLwd4BhXuTE%3D,29,7487028751155449105,7487028751155449105,https://www.tiktok.com/@mnm_pipi/video/7487028751155449105,Malaysia,Berkenan beli jer â€¼ï¸â€¼ï¸â€¼ï¸â€¼ï¸ #seluardalamlelakiviral #boxersoftiktok #boxer #menwear #seluardalamplussize #barangviralditiktok #barangmurahtiktok #seluardalamlelakiviral #boxersoftiktok #boxer #menwear #seluardalamplussize #barangviralditiktok #barangmurahtiktok,Berkenan beli jer â€¼ï¸â€¼ï¸â€¼ï¸â€¼ï¸ #seluardalamlelakiviral #boxersoftiktok #boxer #menwear #seluardalamplussize #barangviralditiktok #barangmurahtiktok #seluardalamlelakiviral #boxersoftiktok #boxer #menwear #seluardalamplussize #barangviralditiktok #barangmurahtiktok,2025-03-29 00:56:32,7.341598507423991e+18,Fjjhhtgwk,original sound - fjjrhtttk45,2025-03-29 00:56:35,29,7.48702904941239e+18,10670,1292,72375,16758137,11343,https://www.tiktok.com/@mnm_pipi/video/7487028751155449105,29,1,Berkenan beli jer â€¼ï¸â€¼ï¸â€¼ï¸â€¼ï¸ #seluardalamlelakiviral #boxersoftiktok #boxer #menwear #seluardalamplussize #barangviralditiktok #barangmurahtiktok #seluardalamlelakiviral #boxersoftiktok #boxer #menwear #seluardalamplussize #barangviralditiktok #barangmurahtiktok Berkenan beli jer â€¼ï¸â€¼ï¸â€¼ï¸â€¼ï¸ #seluardalamlelakiviral #boxersoftiktok #boxer #menwear #seluardalamplussize #barangviralditiktok #barangmurahtiktok #seluardalamlelakiviral #boxersoftiktok #boxer #menwear #seluardalamplussize #barangviralditiktok #barangmurahtiktok,521,36,0.0,0.0,7.341598507423991e+18,0,0.0,0.0,0.9999999403274994,0.0043187972315301,7.70968707860026e-05,0.0006768651744006,0.0006367055814912,32673.2,1,0.0,16758137.0,72375.0,100.0,0,0.0,"['seluardalamlelakiviral', 'boxersoftiktok', 'boxer', 'menwear', 'seluardalamplussize', 'barangviralditiktok', 'barangmurahtiktok', 'seluardalamlelakiviral', 'boxersoftiktok', 'boxer', 'menwear', 'seluardalamplussize', 'barangviralditiktok', 'barangmurahtiktok', 'seluardalamlelakiviral', 'boxersoftiktok', 'boxer', 'menwear', 'seluardalamplussize', 'barangviralditiktok', 'barangmurahtiktok', 'seluardalamlelakiviral', 'boxersoftiktok', 'boxer', 'menwear', 'seluardalamplussize', 'barangviralditiktok', 'barangmurahtiktok']",0,28,0,0.0,5.0,3.0,69.0,1,1,2025-06-06 17:51:01.230537
MY,https://p16-sign-sg.tiktokcdn.com/tos-alisg-p-0037/o0e82ngdgiIAqqWoAICEIyIvfsEsoBBU0B5RLi~tplv-noop.image?x-expires=1748723385&x-signature=ZN%2FvUapUw47IgMhsPUIy3vhWDAU%3D,40,7507442681686035720,7507442681686035720,https://www.tiktok.com/@mnm_pipi/video/7507442681686035720,Malaysia,Cuba korang try buat kat stadium bukit jalil  #TrendingNewsMalaysia #BeritaDiTikTok #NewsAtTikTok #youtuber #socialexperiment #phone #riyadh #stadium ,Cuba korang try buat kat stadium bukit jalil  #TrendingNewsMalaysia #BeritaDiTikTok #NewsAtTikTok #youtuber #socialexperiment #phone #riyadh #stadium ,2025-05-23 01:11:58,6.958339103823021e+18,Siakap Keli,original sound - thesiakapkeli,2025-05-23 01:12:01,40,7.507442715559284e+18,12964,4083,317276,7534055,6375,https://www.tiktok.com/@mnm_pipi/video/7507442681686035720,40,1,Cuba korang try buat kat stadium bukit jalil  #TrendingNewsMalaysia #BeritaDiTikTok #NewsAtTikTok #youtuber #socialexperiment #phone #riyadh #stadium  Cuba korang try buat kat stadium bukit jalil  #TrendingNewsMalaysia #BeritaDiTikTok #NewsAtTikTok #youtuber #socialexperiment #phone #riyadh #stadium ,301,32,0.0,0.0,6.958339103823021e+18,0,0.0,0.0,0.99999986726937,0.0421122433918728,0.0005419391626502,0.0008461577668124,0.0017207198884637,130706.7,1,0.0,7534055.0,317276.0,100.0,0,0.0,"['trendingnewsmalaysia', 'beritaditiktok', 'newsattiktok', 'youtuber', 'socialexperiment', 'phone', 'riyadh', 'stadium', 'trendingnewsmalaysia', 'beritaditiktok', 'newsattiktok', 'youtuber', 'socialexperiment', 'phone', 'riyadh', 'stadium']",0,16,0,1.0,4.0,5.0,14.0,1,1,2025-06-06 17:51:01.230537
MY,https://p16-sign-sg.tiktokcdn.com/tos-alisg-p-0037/o843EqiB2OfAZxiA302mCnjIIbiiaIAEMzA09w~tplv-noop.image?x-expires=1748723400&x-signature=UxhhKN68s36Hg%2F70Ozo9oGvA1RY%3D,55,7504928292856876295,7504928292856876295,https://www.tiktok.com/@mnm_pipi/video/7504928292856876295,Malaysia,Selamat Hari Guru Kepada Semua Warga Pendidik DiSeluruh Dunia.. #selamathariguru  #16mei2025  #fypage #fypã‚·ã‚š #fyppppppppppppppppppppppp #fypdong ,Selamat Hari Guru Kepada Semua Warga Pendidik DiSeluruh Dunia.. #selamathariguru  #16mei2025  #fypage #fypã‚·ã‚š #fyppppppppppppppppppppppp #fypdong ,2025-05-16 06:34:48,6.982940811751884e+18,Abang Awang Channel,original sound - abgawgchannel,2025-05-16 06:34:52,55,7.5049283153004e+18,10795,6628,248563,7085325,10445,https://www.tiktok.com/@mnm_pipi/video/7504928292856876295,55,1,Selamat Hari Guru Kepada Semua Warga Pendidik DiSeluruh Dunia.. #selamathariguru  #16mei2025  #fypage #fypã‚·ã‚š #fyppppppppppppppppppppppp #fypdong  Selamat Hari Guru Kepada Semua Warga Pendidik DiSeluruh Dunia.. #selamathariguru  #16mei2025  #fypage #fypã‚·ã‚š #fyppppppppppppppppppppppp #fypdong ,291,30,0.0,0.0,6.982940811751884e+18,0,0.0,0.0,0.9999998588632336,0.0350813780480954,0.0009354544872035,0.0014741735242669,0.0015235713924807,104582.1,1,0.0,7085325.0,248563.0,100.0,0,0.0,"['selamathariguru', '16mei2025', 'fypage', 'fypã‚·', 'fyppppppppppppppppppppppp', 'fypdong', 'selamathariguru', '16mei2025', 'fypage', 'fypã‚·', 'fyppppppppppppppppppppppp', 'fypdong']",0,12,0,6.0,4.0,5.0,21.0,1,1,2025-06-06 17:51:01.230537
MY,https://p16-sign-sg.tiktokcdn.com/tos-alisg-p-0037/o0sUZKBkDKoVlIYBPoEPAKG8iAYUxbB178ivE~tplv-noop.image?x-expires=1748723365&x-signature=rqbp9pfkcVurVz2j8SjRWvKexXU%3D,20,7298712848321072392,7298712848321072392,https://www.tiktok.com/@mnm_pipi/video/7298712848321072392,Malaysia,link dkt bio if korang nk tau jugak org save nama korang apa ğŸ¤­ #getcontact #getcontactapp ,link dkt bio if korang nk tau jugak org save nama korang apa ğŸ¤­ #getcontact #getcontactapp ,2023-11-07 13:33:34,6.665637130360472e+18,ğŸ”Œ,daddys home,2023-07-09 20:57:20,29,7.253925844589219e+18,3048,316,136299,36578180,2144,https://www.tiktok.com/@mnm_pipi/video/7298712848321072392,20,1,link dkt bio if korang nk tau jugak org save nama korang apa ğŸ¤­ #getcontact #getcontactapp  link dkt bio if korang nk tau jugak org save nama korang apa ğŸ¤­ #getcontact #getcontactapp ,181,32,0.0,0.0,6.665637130360472e+18,0,0.0,0.0,0.9999999726612976,0.0037262377809328,8.639029917862783e-06,5.861417767056268e-05,8.332836452419545e-05,55348.000000000015,0,0.0,36578180.0,136299.0,100.0,0,0.0,"['getcontact', 'getcontactapp', 'getcontact', 'getcontactapp']",0,4,0,13.0,1.0,11.0,576.0,1,1,2025-06-06 17:51:01.230537
MY,https://p16-sign-sg.tiktokcdn.com/tos-alisg-p-0037/ok9EAfYkBAjziRTCpMi5npEQ5AqIpgjwzrIJJA~tplv-noop.image?x-expires=1748723354&x-signature=JwsmcmE64Ki0Ay6Pgnh%2FnKAt%2F6o%3D,9,7479604877086280968,7479604877086280968,https://www.tiktok.com/@mnm_pipi/video/7479604877086280968,Malaysia,Pink earpods!! harga murah tapi quality tiptop! ğŸ˜­ğŸ«¶ğŸ» #airpods #earpods #goojodoq #fypage ,Pink earpods!! harga murah tapi quality tiptop! ğŸ˜­ğŸ«¶ğŸ» #airpods #earpods #goojodoq #fypage ,2025-03-09 00:47:06,7.045303433452242e+18,ğ˜¿ğ™ğ™¢ğ™šğ™£ğ™¨ğ™ğ™‘ğ™ğ™—ğ™šğ™¨ğŸ§,original sound - msx_ki,2023-05-20 12:30:48,27,7.235241102302432e+18,11825,299,118175,7733227,3365,https://www.tiktok.com/@mnm_pipi/video/7479604877086280968,9,1,Pink earpods!! harga murah tapi quality tiptop! ğŸ˜­ğŸ«¶ğŸ» #airpods #earpods #goojodoq #fypage  Pink earpods!! harga murah tapi quality tiptop! ğŸ˜­ğŸ«¶ğŸ» #airpods #earpods #goojodoq #fypage ,177,24,-0.1953125,0.3,7.045303433452242e+18,0,0.0,0.0,0.999999870687894,0.0152814581439988,3.866431973814816e-05,0.0004351352371868,0.0015291156551959,49215.2,1,0.0,7733227.0,118175.0,100.0,0,0.0,"['airpods', 'earpods', 'goojodoq', 'fypage', 'airpods', 'earpods', 'goojodoq', 'fypage']",0,8,0,0.0,6.0,3.0,89.0,1,1,2025-06-06 17:51:01.230537
