user_id,nick_name,avatar_url,country_code,follower_cnt,liked_cnt,tt_link,tcm_link
6519978888319401986,üí•160cmüí• [10M‚ù§Ô∏è],https://p16-sign-sg.tiktokcdn.com/tos-alisg-avt-0068/7324678304462536722~tplv-tiktokx-cropcenter:100:100.png?dr=14579&refresh_token=3b4ec19a&x-expires=1748872800&x-signature=OlAkiOUMA6iSDIfr34Ub3ZK%2BBpw%3D&t=4d5b0474&ps=13740610&shp=a5d48078&shcp=317596d8&idc=my,MY,10424615,245058217,https://www.tiktok.com/@angelloweee,https://creatormarketplace.tiktok.com/ad#/author/6798428087366189062
6687385336492672001,Ebit Lew,https://p16-sign-sg.tiktokcdn.com/tos-alisg-avt-0068/7333969134591410197~tplv-tiktokx-cropcenter:100:100.png?dr=14579&refresh_token=d05a58eb&x-expires=1748872800&x-signature=bEOoVMKaQSmbMMda7hCb2Xv9p4E%3D&t=4d5b0474&ps=13740610&shp=a5d48078&shcp=317596d8&idc=my,MY,6701445,121482975,https://www.tiktok.com/@ustazebitlew,https://creatormarketplace.tiktok.com/ad#/author/7243709394368593922
6559445181123624961,Abangupinipin,https://p16-sign-sg.tiktokcdn.com/tos-alisg-avt-0068/3203889dac05206272f71b03f730c006~tplv-tiktokx-cropcenter:100:100.png?dr=14579&refresh_token=253ae44e&x-expires=1748872800&x-signature=QKkpad2GjsXzOwFZBzBiAurdWzM%3D&t=4d5b0474&ps=13740610&shp=a5d48078&shcp=317596d8&idc=my,MY,3695646,48191437,https://www.tiktok.com/@abangupinipin,https://creatormarketplace.tiktok.com/ad#/author/6867477610784358405
6609627540376109058,üá≤üá≤Wai Wai4.2M Official üáπüá≠,https://p16-sign-sg.tiktokcdn.com/tos-alisg-avt-0068/252d1c7b723d2d0dbf58852e30658b9c~tplv-tiktokx-cropcenter:100:100.png?dr=14579&refresh_token=f71aa51d&x-expires=1748872800&x-signature=AKe1dEG1HRGujZoctnf5Mlh6TfI%3D&t=4d5b0474&ps=13740610&shp=a5d48078&shcp=317596d8&idc=my,MY,2713056,269282936,https://www.tiktok.com/@14waiwai3,https://creatormarketplace.tiktok.com/ad#/author/7117099660363169798
6764986357586953218,Moses Wong,https://p16-sign-useast2a.tiktokcdn.com/tos-useast2a-avt-0068-giso/4c084e447cef4b13098e40d5949d1ba5~tplv-tiktokx-cropcenter:100:100.png?dr=14579&refresh_token=8c83a32f&x-expires=1748872800&x-signature=rbfoBExREooQ6zmNAQcYRfN0r0Q%3D&t=4d5b0474&ps=13740610&shp=a5d48078&shcp=317596d8&idc=my,MY,2077784,148472103,https://www.tiktok.com/@moseswck,https://creatormarketplace.tiktok.com/ad#/author/6867477465682411526
6536350439842545666,ALVN,https://p16-sign-sg.tiktokcdn.com/tos-alisg-avt-0068/afb3b654a54a8eb9bb79f299ba76e897~tplv-tiktokx-cropcenter:100:100.png?dr=14579&refresh_token=793a4fdc&x-expires=1748872800&x-signature=TPCtI%2B6wghkw%2BuK1OistkmRtMmc%3D&t=4d5b0474&ps=13740610&shp=a5d48078&shcp=317596d8&idc=my,MY,1902846,22452294,https://www.tiktok.com/@alvinchong123,https://creatormarketplace.tiktok.com/ad#/author/6798427947452596230
6563974810636140545,Sharina Richie,https://p16-sign-sg.tiktokcdn.com/tos-alisg-avt-0068/aafb1b0d1683fff8e2cbf89528111e75~tplv-tiktokx-cropcenter:100:100.png?dr=14579&refresh_token=b95663c5&x-expires=1748872800&x-signature=sPzStSBUxvYgng2d8O1%2FaEH32C8%3D&t=4d5b0474&ps=13740610&shp=a5d48078&shcp=317596d8&idc=my,MY,1649181,67554600,https://www.tiktok.com/@sharinarichie,https://creatormarketplace.tiktok.com/ad#/author/7058310781464477702
7062718249432499226,Adriana Yeong,https://p16-sign-useast2a.tiktokcdn.com/tos-useast2a-avt-0068-euttp/7331232256259784737~tplv-tiktokx-cropcenter:100:100.png?dr=14579&refresh_token=cbed3cfc&x-expires=1748872800&x-signature=ON6Fo2lN6yVGX%2FIcAF8Du2pjf%2BQ%3D&t=4d5b0474&ps=13740610&shp=a5d48078&shcp=317596d8&idc=my,MY,1593683,135077410,https://www.tiktok.com/@baldgirl23,https://creatormarketplace.tiktok.com/ad#/author/7146242548518879238
6522972672585007105,wincychua_,https://p16-sign-sg.tiktokcdn.com/tos-alisg-avt-0068/5810905cbc4ce57d8698fb9bf3bd4050~tplv-tiktokx-cropcenter:100:100.png?dr=14579&refresh_token=c82e135e&x-expires=1748872800&x-signature=ypWzlmxQD1uRy54wf8mTa3jowTg%3D&t=4d5b0474&ps=13740610&shp=a5d48078&shcp=317596d8&idc=my,MY,1376332,3115488,https://www.tiktok.com/@wincychua_,https://creatormarketplace.tiktok.com/ad#/author/6798427580656517126
6736149350877529089,Iddin Ramli,https://p16-sign-sg.tiktokcdn.com/tos-alisg-avt-0068/54bd6fdb53b1ac86f03640dba19c78ec~tplv-tiktokx-cropcenter:100:100.png?dr=14579&refresh_token=ecf18942&x-expires=1748872800&x-signature=mZcAZ8XNCpISycNid33D4fVBTgs%3D&t=4d5b0474&ps=13740610&shp=a5d48078&shcp=317596d8&idc=my,MY,1270231,77933112,https://www.tiktok.com/@iddinramlii,https://creatormarketplace.tiktok.com/ad#/author/7224474390258253826
6733507837416981506,dhabita,https://p16-sign-sg.tiktokcdn.com/tos-alisg-avt-0068/7699568066a2a9844ed9d5871cdf1885~tplv-tiktokx-cropcenter:100:100.png?dr=14579&refresh_token=0ceb21cd&x-expires=1748872800&x-signature=ESf%2Funz73UFEif7Wg6fFZqDTML0%3D&t=4d5b0474&ps=13740610&shp=a5d48078&shcp=317596d8&idc=my,MY,1264200,109049050,https://www.tiktok.com/@fruityfatty,https://creatormarketplace.tiktok.com/ad#/author/7165940906351132677
6781098566393332737,Daisey Gorgeous,https://p16-sign-sg.tiktokcdn.com/tos-alisg-avt-0068/ee5d6b72d6f1388aa344fb7621cf1aac~tplv-tiktokx-cropcenter:100:100.png?dr=14579&refresh_token=5080f2d2&x-expires=1748872800&x-signature=9L0HoUHIZkv5eJ1yJY4g%2B9ATYz0%3D&t=4d5b0474&ps=13740610&shp=a5d48078&shcp=317596d8&idc=my,MY,1090435,123965665,https://www.tiktok.com/@daiseygorgeous,https://creatormarketplace.tiktok.com/ad#/author/6958641281274740742
6932067806649451522,Muhammad Sanusi Md Nor,https://p16-sign-sg.tiktokcdn.com/tos-alisg-avt-0068/46208911d77a24b5c0cd3faee023ca4a~tplv-tiktokx-cropcenter:100:100.png?dr=14579&refresh_token=ffe6a9e5&x-expires=1748872800&x-signature=%2FDPNyfxxu%2FB4URpYeWbyngDwphA%3D&t=4d5b0474&ps=13740610&shp=a5d48078&shcp=317596d8&idc=my,MY,899902,24183368,https://www.tiktok.com/@sanusimdnor,https://creatormarketplace.tiktok.com/ad#/author/7148654577888264197
6785688640867697665,Bulu Goreng,https://p16-sign-sg.tiktokcdn.com/tos-alisg-avt-0068/e7ac573e6f68eb2a9194971f62b53a30~tplv-tiktokx-cropcenter:100:100.png?dr=14579&refresh_token=c3f98cb0&x-expires=1748872800&x-signature=SWFPZz%2BOYZz4wK2R%2BFnKpvbWxe8%3D&t=4d5b0474&ps=13740610&shp=a5d48078&shcp=317596d8&idc=my,MY,819100,30741756,https://www.tiktok.com/@iamtomsz,https://creatormarketplace.tiktok.com/ad#/author/7156478249327919109
6764306907597505537,wikwok82,https://p16-sign-va.tiktokcdn.com/tos-maliva-avt-0068/12d4c5cc02501a5530572c852963d74e~tplv-tiktokx-cropcenter:100:100.png?dr=14579&refresh_token=b29ead3c&x-expires=1748872800&x-signature=eCr3b6PI9zQjMNn4MgsiGJppDXE%3D&t=4d5b0474&ps=13740610&shp=a5d48078&shcp=317596d8&idc=my,MY,752470,15697171,https://www.tiktok.com/@dunyabadawi,https://creatormarketplace.tiktok.com/ad#/author/7151468581664849925
6531013014085533698,üí•ùó¶ùóõùóîùóõüí• [ùü≠ùüØùó†‚ù§Ô∏è],https://p16-sign-sg.tiktokcdn.com/tos-alisg-avt-0068/69beb63cb8da64eebd6f49d2112a58a4~tplv-tiktokx-cropcenter:100:100.png?dr=14579&refresh_token=08f113d7&x-expires=1748872800&x-signature=XGVXd7rLPZ1e%2BYGEB%2FCNQdjZGT0%3D&t=4d5b0474&ps=13740610&shp=a5d48078&shcp=317596d8&idc=my,MY,747984,13646630,https://www.tiktok.com/@zackshah66,https://creatormarketplace.tiktok.com/ad#/author/6867477519323365381
301530822895915008,Usha Ojha,https://p16-sign-sg.tiktokcdn.com/tos-alisg-avt-0068/000628eca782a86ce7569b6bbfaf9123~tplv-tiktokx-cropcenter:100:100.png?dr=14579&refresh_token=70ffd55e&x-expires=1748872800&x-signature=qJhNMGw6PzBLfCq%2BsTJFA%2FNfOD8%3D&t=4d5b0474&ps=13740610&shp=a5d48078&shcp=317596d8&idc=my,MY,726497,12274080,https://www.tiktok.com/@ushaojha5189,https://creatormarketplace.tiktok.com/ad#/author/7151561408017072134
6669513455899508737,ùêñùêàùêãùêãùêàùêÄùêå,https://p16-sign-sg.tiktokcdn.com/tos-alisg-avt-0068/4540f8429888bf44ee9cfcaee5915608~tplv-tiktokx-cropcenter:100:100.png?dr=14579&refresh_token=86bf2e56&x-expires=1748872800&x-signature=U0jLHcqYsEjMMuyFh865uj8wLoU%3D&t=4d5b0474&ps=13740610&shp=a5d48078&shcp=317596d8&idc=my,MY,707532,8698950,https://www.tiktok.com/@leo_roy97,https://creatormarketplace.tiktok.com/ad#/author/7025702447985197062
6685652333613351938,Adna Channel üë∏,https://p16-sign-sg.tiktokcdn.com/tos-alisg-avt-0068/8ba8a5aa7bf4f9df5b76f6144ec8a6a0~tplv-tiktokx-cropcenter:100:100.png?dr=14579&refresh_token=1c2f6b39&x-expires=1748872800&x-signature=%2FexrPf3EQkEjBqguS0ASzF3iUgo%3D&t=4d5b0474&ps=13740610&shp=a5d48078&shcp=317596d8&idc=my,MY,648636,28579341,https://www.tiktok.com/@adnahenna1234,https://creatormarketplace.tiktok.com/ad#/author/7277701895429292034
6790920127845647361,üê∞Meyyyy.00üê∞,https://p16-sign-sg.tiktokcdn.com/tos-alisg-avt-0068/9e46a67f557940bbc5612fa46f5877d1~tplv-tiktokx-cropcenter:100:100.png?dr=14579&refresh_token=5838122c&x-expires=1748872800&x-signature=LFqHzdTXFVpzLk9i796YzE256uQ%3D&t=4d5b0474&ps=13740610&shp=a5d48078&shcp=317596d8&idc=my,MY,585813,6248499,https://www.tiktok.com/@meii_gotta_l,https://creatormarketplace.tiktok.com/ad#/author/7126605894762102789
6880118012406957057,miku queen,https://p16-sign-sg.tiktokcdn.com/tos-alisg-avt-0068/b90eb1ade1809e1bd99845bebc82ac01~tplv-tiktokx-cropcenter:100:100.png?dr=14579&refresh_token=63931e72&x-expires=1748872800&x-signature=FsU3W9aXZKOMZJKqINqKOohXWsQ%3D&t=4d5b0474&ps=13740610&shp=a5d48078&shcp=317596d8&idc=my,MY,543615,40366059,https://www.tiktok.com/@miku_queen01,https://creatormarketplace.tiktok.com/ad#/author/7120235659880562693
6812561671698629634,FATHIRAH ADNAN,https://p16-sign-sg.tiktokcdn.com/tos-alisg-avt-0068/11c9c0e47d6440475ab95bbbc67ce96b~tplv-tiktokx-cropcenter:100:100.png?dr=14579&refresh_token=a1ece4d3&x-expires=1748872800&x-signature=zqMHqQh97zo1itM64wVA%2FGjU86c%3D&t=4d5b0474&ps=13740610&shp=a5d48078&shcp=317596d8&idc=my,MY,509833,5111756,https://www.tiktok.com/@fathirahadnan,https://creatormarketplace.tiktok.com/ad#/author/7244785768231600129
6900336546945664001,almahiraja,https://p16-sign-sg.tiktokcdn.com/tos-alisg-avt-0068/2ebb2e992636b00a6893c8930668022e~tplv-tiktokx-cropcenter:100:100.png?dr=14579&refresh_token=f7be77d7&x-expires=1748872800&x-signature=%2BWzUpQYTuNHs42TPJtov7ADfniI%3D&t=4d5b0474&ps=13740610&shp=a5d48078&shcp=317596d8&idc=my,MY,506678,28884699,https://www.tiktok.com/@almahiraja,https://creatormarketplace.tiktok.com/ad#/author/7151654201276235782
6830241999552562178,Nur jamu truckers,https://p16-sign-sg.tiktokcdn.com/tos-alisg-avt-0068/8c2253f70f9ef064607ad364f6a9008a~tplv-tiktokx-cropcenter:100:100.png?dr=14579&refresh_token=feace984&x-expires=1748872800&x-signature=gm2gwzMhmrY2UNy7TqMcSmrtlx0%3D&t=4d5b0474&ps=13740610&shp=a5d48078&shcp=317596d8&idc=my,MY,500173,4091066,https://www.tiktok.com/@nur_ladytruckers,https://creatormarketplace.tiktok.com/ad#/author/7174198455598383110
6537516975215542273,Wingkeh n‚Äô Keifth,https://p16-sign-sg.tiktokcdn.com/tos-alisg-avt-0068/7334478713163087874~tplv-tiktokx-cropcenter:100:100.png?dr=14579&refresh_token=66400a33&x-expires=1748872800&x-signature=hArvDdV2BgXjDJCQQe%2BqkyRzdV4%3D&t=4d5b0474&ps=13740610&shp=a5d48078&shcp=317596d8&idc=my,MY,498254,5854965,https://www.tiktok.com/@wingkeh_keifth,https://creatormarketplace.tiktok.com/ad#/author/6798428682772807685
6691688376532108294,‡Æ∞‡Ææ‡Æ§‡Øà28,https://p16-sign-sg.tiktokcdn.com/tos-alisg-avt-0068/7a1432a527026b38de6628986dee12eb~tplv-tiktokx-cropcenter:100:100.png?dr=14579&refresh_token=6edf9062&x-expires=1748872800&x-signature=nUBzuLNblIeCuRU1s7XcxliIcrQ%3D&t=4d5b0474&ps=13740610&shp=a5d48078&shcp=317596d8&idc=my,MY,494717,26883152,https://www.tiktok.com/@mass_official28,https://creatormarketplace.tiktok.com/ad#/author/7151438515815841798
6568714417369858049,„Éà„ÉØ„É≥„Éª„Ç´„Ç∑„É£üá≤üáæ,https://p16-sign-sg.tiktokcdn.com/tos-alisg-avt-0068/3f1ffbf293b7af6f6945a982a7d71eac~tplv-tiktokx-cropcenter:100:100.png?dr=14579&refresh_token=9e0a0c79&x-expires=1748872800&x-signature=rfsSNE4EiZipcY%2FlCrgzngga7u0%3D&t=4d5b0474&ps=13740610&shp=a5d48078&shcp=317596d8&idc=my,MY,486721,6679430,https://www.tiktok.com/@nz_sha,https://creatormarketplace.tiktok.com/ad#/author/7299711615836880898
6582148888240193538,puddleartStudioüá≤üáæüå±,https://p16-sign-sg.tiktokcdn.com/tos-alisg-avt-0068/5e934c32d0e0ca902c811eb6f35f5094~tplv-tiktokx-cropcenter:100:100.png?dr=14579&refresh_token=2e988090&x-expires=1748872800&x-signature=3wKbjNtf%2FS1UQezhlNyextvix4Q%3D&t=4d5b0474&ps=13740610&shp=a5d48078&shcp=317596d8&idc=my,MY,460980,35556828,https://www.tiktok.com/@puddleartstudio,https://creatormarketplace.tiktok.com/ad#/author/7139547528470462470
6662356071565115394,S O D A,https://p16-sign-sg.tiktokcdn.com/tos-alisg-avt-0068/a8927b46ab7576c61599d00841c78ae2~tplv-tiktokx-cropcenter:100:100.png?dr=14579&refresh_token=5f225ab5&x-expires=1748872800&x-signature=jw8bgGJGxwu9JyGAHPJxVRsscBY%3D&t=4d5b0474&ps=13740610&shp=a5d48078&shcp=317596d8&idc=my,MY,427393,13334980,https://www.tiktok.com/@chariz0mai,https://creatormarketplace.tiktok.com/ad#/author/7141495703351590918
6911148706956968961,PAKBOS,https://p16-sign-sg.tiktokcdn.com/tos-alisg-avt-0068/013ae197c6650174efaaf29a4c111a85~tplv-tiktokx-cropcenter:100:100.png?dr=14579&refresh_token=efa1f922&x-expires=1748872800&x-signature=YuQo8e6Y14ML3Tc%2BXWSowIAeLnM%3D&t=4d5b0474&ps=13740610&shp=a5d48078&shcp=317596d8&idc=my,MY,420572,10806879,https://www.tiktok.com/@pakbos.empire,https://creatormarketplace.tiktok.com/ad#/author/7434255762781650961
7015550359620420634,·Ö†·Ö†,https://p16-sign-sg.tiktokcdn.com/tos-alisg-avt-0068/984d18171f38c7fb8d6fd53a8703274d~tplv-tiktokx-cropcenter:100:100.png?dr=14579&refresh_token=ffa05a17&x-expires=1748872800&x-signature=%2F87m1IMrY3MpmTdR0QYxSJYz2%2Bk%3D&t=4d5b0474&ps=13740610&shp=a5d48078&shcp=317596d8&idc=my,MY,393814,8745079,https://www.tiktok.com/@kkkhadijanasuha,https://creatormarketplace.tiktok.com/ad#/author/7153603555629203461
120620418343862272,‡Æµ‡ØÄ.‡Æâ‡ÆÆ‡Ææ‡ÆÆ‡Æï‡Øá‡Æ∏‡Øç‡Æµ‡Æ∞‡ÆøüíöüïäÔ∏è,https://p16-sign-sg.tiktokcdn.com/tos-alisg-avt-0068/9e9e082bee19e1e90a08309c900945cd~tplv-tiktokx-cropcenter:100:100.png?dr=14579&refresh_token=f046c820&x-expires=1748872800&x-signature=kdSr4xU1Ir%2F5N2U3G4Wx2cNavSg%3D&t=4d5b0474&ps=13740610&shp=a5d48078&shcp=317596d8&idc=my,MY,386667,13440248,https://www.tiktok.com/@v.wumaa09,https://creatormarketplace.tiktok.com/ad#/author/7186227018885758982
6534074030130888705,Sabrina ü•Ä,https://p16-sign-sg.tiktokcdn.com/tos-alisg-avt-0068/cc14ee952606d4487ba160a3e7773f63~tplv-tiktokx-cropcenter:100:100.png?dr=14579&refresh_token=bb48545c&x-expires=1748872800&x-signature=Ef0C6GeZYs8YkcEg%2FDl7pKPYBmc%3D&t=4d5b0474&ps=13740610&shp=a5d48078&shcp=317596d8&idc=my,MY,379905,3680248,https://www.tiktok.com/@sab0827,https://creatormarketplace.tiktok.com/ad#/author/6867477566991630342
6842325963859772417,aeyochi,https://p16-sign-sg.tiktokcdn.com/tos-alisg-avt-0068/d3ccdae041dd3bc823c3aa249fb7707d~tplv-tiktokx-cropcenter:100:100.png?dr=14579&refresh_token=8b01b20f&x-expires=1748872800&x-signature=aB9yOeThxs0yz5LerroOEpzM1Gs%3D&t=4d5b0474&ps=13740610&shp=a5d48078&shcp=317596d8&idc=my,MY,368927,26135544,https://www.tiktok.com/@aeyochi,https://creatormarketplace.tiktok.com/ad#/author/7208213800149843970
6519299293067613184,Izzhar Nazri,https://p16-sign-sg.tiktokcdn.com/tos-alisg-avt-0068/49541f8b1781bf93aedfc50595c48485~tplv-tiktokx-cropcenter:100:100.png?dr=14579&refresh_token=76c503ed&x-expires=1748872800&x-signature=qPJbx2rasuF85ASWw0aUu1YbwHU%3D&t=4d5b0474&ps=13740610&shp=a5d48078&shcp=317596d8&idc=my,MY,367142,7766233,https://www.tiktok.com/@izzharnazri,https://creatormarketplace.tiktok.com/ad#/author/7429479989403189265
6829903268815717378,ŸÜÿ∏ÿßŸÖ,https://p16-sign-sg.tiktokcdn.com/tos-alisg-avt-0068/b70918015e4adb6023c9883e3f496e37~tplv-tiktokx-cropcenter:100:100.png?dr=14579&refresh_token=fa655eaa&x-expires=1748872800&x-signature=13msdC6WquJ%2B7Rj8OgelEoQYgTQ%3D&t=4d5b0474&ps=13740610&shp=a5d48078&shcp=317596d8&idc=my,MY,363858,105643902,https://www.tiktok.com/@soulzangs,https://creatormarketplace.tiktok.com/ad#/author/7182052427225366534
6552873986865840129,Dee Meow,https://p16-sign-sg.tiktokcdn.com/tos-alisg-avt-0068/4e6c793b1f7a47291ef55cd3425e9fc3~tplv-tiktokx-cropcenter:100:100.png?dr=14579&refresh_token=191d8fa7&x-expires=1748872800&x-signature=Wo1Z7D9TsHkxHTYL5S28usel2JI%3D&t=4d5b0474&ps=13740610&shp=a5d48078&shcp=317596d8&idc=my,MY,355047,1452765,https://www.tiktok.com/@deedee93.22,https://creatormarketplace.tiktok.com/ad#/author/7372228309196734480
6996846485615739930,üëë ·Äï·ÄØ·Äû·Ä≠·Äô·Ä∫·Äû·Ä∞ üëë,https://p16-sign-sg.tiktokcdn.com/tos-alisg-avt-0068/919d8fa76f6e4b9ad63373c111bcb013~tplv-tiktokx-cropcenter:100:100.png?dr=14579&refresh_token=da69653d&x-expires=1748872800&x-signature=3sZrLhn7%2BoaKBHKGmWZsEHQus1I%3D&t=4d5b0474&ps=13740610&shp=a5d48078&shcp=317596d8&idc=my,MY,350015,5357320,https://www.tiktok.com/@su_myat_oo,https://creatormarketplace.tiktok.com/ad#/author/7350446116531339266
6654356735526666242,VAARICH,https://p16-sign-useast2a.tiktokcdn.com/tos-useast2a-avt-0068-giso/f56dbb63a6ab337938c86277ef06f6d6~tplv-tiktokx-cropcenter:100:100.png?dr=14579&refresh_token=9b0ad785&x-expires=1748872800&x-signature=bgGcJqD9WHKh5RzEuKWiDUxV2As%3D&t=4d5b0474&ps=13740610&shp=a5d48078&shcp=317596d8&idc=my,MY,336735,15116645,https://www.tiktok.com/@vaarich,https://creatormarketplace.tiktok.com/ad#/author/7154035280243064837
61534555809,JETAIME ÂëÜÂí™,https://p16-sign-useast2a.tiktokcdn.com/tos-useast2a-avt-0068-euttp/7322823389625155616~tplv-tiktokx-cropcenter:100:100.png?dr=14579&refresh_token=90738afc&x-expires=1748872800&x-signature=CGzfwfMIsd9oEz%2FbDwxJs0iQUME%3D&t=4d5b0474&ps=13740610&shp=a5d48078&shcp=317596d8&idc=my,MY,331566,3989700,https://www.tiktok.com/@lmq_491,https://creatormarketplace.tiktok.com/ad#/author/7153528090470121478
