desc,create_time,author_user_id,music_author,music_title,music_create_time,music_duration,music_id,collect_count,comment_count,digg_count,forward_count,play_count,share_count,video_url
"Safe, convenient and mak-mak friendly?!ğŸ«¨ AYE, thatâ€™s right! With Samsung Wallet, skip the hassle of finding your cards and fumbling through bulky wallets ğŸ˜ Just swipe up, tap and pay, all from your Galaxy A Series. Shop the new Galaxy A56 | A36 5G to enjoy up to RM329 worth of rewards! Ends 31 May 2025. T&Cs apply. #KitaPilihAYE #AwesomeIntelligence",1746612007,7057336297317319707,Samsung Malaysia,original sound - samsungmalaysia,1746612017.0,64.0,7501641436417362693,3763.0,299.0,35786.0,0.0,52057664.0,2635.0,https://www.tiktok.com/@mnm_pipi/video/7501641419518528774
,,,,,,,,,,,,,,https://www.tiktok.com/@mnm_pipi/video/7507452740264578322
"Kadang-kadang rasa kecewa kan bila barang yang kita order tak sama macam yang sampai?  Tapi jangan risau, sekarang TikTok Shop dah buatkan proses pemulangan barang jadi super mudah!  Boleh return barang dengan senang, percuma pulak tu! So, lepas ni boleh shopping tanpa risau! Jangan takut nak beli, sebab kalau ada masalah, TikTok Shop dah bantu selesaikan.  #TikTokShopMy",1744179623,7148386175531058182,tiktokshop_my ğŸ‡²ğŸ‡¾,original sound - tiktokshop_my,1744179634.0,33.0,7491194478741441296,1451.0,690.0,25190.0,0.0,44239447.0,2119.0,https://www.tiktok.com/@mnm_pipi/video/7491194398345104656
"Rejection itu normal dalam kehidupan, sama juga dengan dengan return barangan dekat TikTok Shop. Tapi yang best nya kalau korang kena reject untuk return, korang boleh berhubung dengan agen kami, kami akan bantu korang dengan senang hati. Macam mana nak buat? Ni.. kami dah sediakan cara-cara untuk korang buat rayuan seandainya barangan return korang kena reject.. dah jangan bersedih okay ğŸ˜‰. Selamat Mencuba. #TikTokShopMy",1745472600,7148386175531058182,tiktokshop_my ğŸ‡²ğŸ‡¾,original sound - tiktokshop_my,1745466967.0,35.0,7496723533997886225,1353.0,423.0,18642.0,0.0,43807309.0,1341.0,https://www.tiktok.com/@mnm_pipi/video/7496723450644450577
"Semudah ABC je nak batalkan pesanan dekat TikTok Shop.  Kadang-kadang terbeli ikut nafsu tu normal lah, manusia kan, tak lari dari silap. Tapi jangan risau, kitorang dah ajar cara cancel & dapatkan refund semula.. Selamat mencuba!  #TikTokShopMy",1744861095,7148386175531058182,tiktokshop_my ğŸ‡²ğŸ‡¾,original sound - tiktokshop_my,1744861103.0,26.0,7494121366921153297,1665.0,488.0,20285.0,0.0,42231855.0,1896.0,https://www.tiktok.com/@mnm_pipi/video/7494121317369728263
"Rekaan yang nipis dan ringan, material yang tahan lasak #HUAWEILaunch #HUAWEIWATCHFIT4Pro #HUAWEIMY",1747323372,6815758082208531457,HUAWEI Malaysia,original sound - huaweimobilemy,1747323376.0,6.0,7504696751832435472,4708.0,238.0,81003.0,0.0,34664872.0,2403.0,https://www.tiktok.com/@mnm_pipi/video/7504696722300407058
,,,,,,,,,,,,,,https://www.tiktok.com/@mnm_pipi/video/7496412288711249159
#BlockBlast ğŸ“²ğŸ¦­,1745690985,7362666808937415688,kori,kori,1745690989.0,35.0,7497685696774441744,2201505.0,309127.0,38503346.0,0.0,1001498208.0,9739382.0,https://www.tiktok.com/@mnm_pipi/video/7497685667518926088
phone case inspo â¤ï¸ğŸ¦‹ğŸ€ #temufinds #phonecases,1739785071,7277133862680527915,temu_techfinds,original sound - temu_techfinds,1739785074.0,17.0,7472319877848599338,25521.0,9582.0,418805.0,0.0,262711052.0,17255.0,https://www.tiktok.com/@mnm_pipi/video/7472319430572182826
"KitKatÂ® Dark Borneo, nikmati kelazatan biji koko asli dari borneo dengan sentuhan rasa buah-buahan! #KITKATMalaysia #HaveABreakHaveAKITKAT #KITKATDarkBorneo ",1745484973,7337490706539529218,KitKatÂ® Malaysia Official,original sound - kitkatmalaysia,1745484979.0,6.0,7496800899184986897,3470.0,211.0,30750.0,0.0,29627019.0,1963.0,https://www.tiktok.com/@mnm_pipi/video/7496800861931392263
Nak power macam saya? Makan dulu biskut MILO sebelum masuk court. ğŸ¸  Tenaga MILO kini dalam biskut âš¡ï¸ğŸ’š #MyMILOBiscuit #biskutMILO #MILO,1746701678,6754075335262585857,insta: sitisolehahzf ğŸŠ,original sound - sitisolehahzf,1746701696.0,32.0,7502026654743530257,10776.0,271.0,150816.0,0.0,24058437.0,3589.0,https://www.tiktok.com/@mnm_pipi/video/7502026563614002440
"Kalau tak buat, mana tau kan? Inilah tip2 daripada Kak Sue kalau korang nak start somewhere in business. And kepada orang yang cakap internet aku lag, tak payah nak complain dah sebab semua thanks to CelcomDigi Business 5G Wifi ğŸ’â€â™€ï¸ #Celcomdigibusiness #CelcomDigi #BusinessTips",1741071416,177746676785369088,ğ˜¿ğ™ğ™¢ğ™šğ™£ğ™¨ğ™ğ™‘ğ™ğ™—ğ™šğ™¨ğŸ§,perayaan mati rasa,1712865581.0,103.0,7356701636116876037,2070.0,78.0,28646.0,0.0,40215034.0,907.0,https://www.tiktok.com/@mnm_pipi/video/7477844770799291655
Korang wajib cuba hacks anti-gagal ni! ğŸ¤¯ Jangan lupa order guna Hot Deals untuk dapat diskaun sehingga RM12  ğŸ˜‹ğŸ—,1740368897,6804701946541933569,GrabMY,original sound - grabmy,1740368901.0,42.0,7474827501949520657,163.0,447.0,42605.0,0.0,36563984.0,3934.0,https://www.tiktok.com/@mnm_pipi/video/7474827324513389841
"Nak cuba Biskut MILO baru? Sila tunjuk satu gerak silat dulu. Raya ni bukan je penuh kuih, tapi penuh tenaga! ğŸ”¥    @MILOÂ® Malaysia Official #MyMILOBiscuit #biskutMILO #MILO",1745241570,6615693459121618946,Baiboek,original sound - baiboek,1745241575.0,29.0,7495755481974868737,10264.0,1450.0,168777.0,0.0,26262796.0,5818.0,https://www.tiktok.com/@mnm_pipi/video/7495755454924983559
"Work, deadlines, meetings? Keep moving forward without anything slowing you down.â€‹ #Panadol #PanadolCan #PanadolActifast #painrelief #bodypains #backpain",1745987868,7254862898324784129,Panadol MY,original sound - panadolmy,1745987874.0,11.0,7498960809041644304,971.0,9.0,8930.0,0.0,22031402.0,843.0,https://www.tiktok.com/@mnm_pipi/video/7498960778309930258
"The HONOR 400 Lite is now ğ‘¨ğ’—ğ’‚ğ’Šğ’ğ’‚ğ’ƒğ’ğ’† ğ‘µğ’‚ğ’•ğ’Šğ’ğ’ğ’˜ğ’Šğ’…ğ’† at RM1,299!  Bringing you a smarter experience with its intuitive AI Button and intelligent AI features âœ¨ ğŸ›’ Get yours now and enjoy RM200 Instant Rebate* & 1 Year Extended Warranty worth RM99  *T&Cs Apply. While stocks last. #HONOR #HONORMalaysia #HONOR400Series #HONOR400Lite",1745405655,6546060214817882113,HONOR Malaysia,original sound - honormalaysia,1745405658.0,10.0,7496460214493924112,979.0,244.0,8913.0,0.0,26950378.0,986.0,https://www.tiktok.com/@mnm_pipi/video/7496460189118385426
"Teh tarik tak padu tanpa vibe mamak - FACT! Now, uols dah boleh rasa teh tarik sedap macam mamak dengan Teh Tarik ORI F&N. ğŸ˜ #FnNDairies #FnNTehTarik #RasaORIMalaysia",1746435090,7496449172066714645,fnntehtarikmy,original sound - fnntehtarikmy,1746435097.0,6.0,7500881615560755984,646.0,110.0,6221.0,0.0,21602670.0,926.0,https://www.tiktok.com/@mnm_pipi/video/7500881578696969480
Bukan senang nak senang. #BossMekdi sendiri mula dari bawah.,1746525600,6604971159769366529,McDonald's Malaysia,original sound - mcdmalaysia,1746523022.0,90.0,7501259255702539025,4972.0,444.0,41146.0,0.0,19384050.0,154.0,https://www.tiktok.com/@mnm_pipi/video/7501259046280858896
"Work, create, entertain, stay productive, and do more your way with the Galaxy Tab! Head to your nearest Samsung Experience Store and make it yours today. #MyWayMyTab #GalaxyTab",1745547217,7057336297317319707,,,,,,580.0,22.0,7828.0,0.0,19845589.0,554.0,https://www.tiktok.com/@mnm_pipi/video/7497068175511620870
DoublemintÂ Menyegarkan Nafas Selepas Makan #marswrigley #marsmalaysia #doublemint #tiktokmalaysia #fyp,1744277228,7293326612090848274,MarsWrigley.MY,original sound - marswrigley.my,1744277236.0,6.0,7491613679025392401,1163.0,5.0,9135.0,0.0,29525527.0,957.0,https://www.tiktok.com/@mnm_pipi/video/7491613637048618247
Ulang tahun ke-60 Diamond Jubilee Madness!!! ğŸ˜ Semua Orang Adalah Pemenang!  Baca komen utk info lanjut!  #resortsworldgenting #fyp #fypage #fypã‚·ã‚š ,1747219224,6796937564638561282,Resorts World Genting,original sound - rwgenting,1747219228.0,9.0,7504249440204147457,997.0,278.0,9502.0,0.0,19942058.0,761.0,https://www.tiktok.com/@mnm_pipi/video/7504249411736734994
"Dengan usaha & rajin post â€” boleh je dapat income macam ni! Tak percaya? Tanya je @Faa | IG @_afifahrosli , lepas tu try sendiri ğŸ˜ğŸ§¡ Link kat bio",1745216889,7296396154895008769,Shopee Affiliate MY,original sound - shopeeaffiliatemy,1745216892.0,46.0,7495649468818131713,5852.0,342.0,37326.0,0.0,34139430.0,3195.0,https://www.tiktok.com/@mnm_pipi/video/7495649437327297799
"â€œSelamat Hari Kaamatan, Kotobian Tadau Tagazo do Kaamatanâ€ Jom sertai Peraduan F&N Heboh Gawai Kaamatan & menangi hadiah bernilai sehingga RM300,000 dengan pembelian produk F&N kegemaran anda! CARA PENYERTAAN: BELI minimum RM8 produk jenama F&N yang terlibat IMBAS QR dan hantar gambar resit ke wa.link/fnheboh_em  WA +6018 388 0131 MENANG Setiap RM8 = 1 penyertaan Tempoh Peraduan: 16 Apr - 30 Jun 2025 Rujuk link  https://www.fn.com.my/promotion_contest/peraduan-fn-heboh-gawai-kaamatan/  untuk maklumat lanjut dan terma & syarat. @Mitsubishi Motors Malaysia  #fnnbelidanmenang  #peraduanfnnhebohgawaikaamatan  #fnnmalaysia  #SelamatHariKaamatanbersamaFnn  #mitsubishimotorsmalaysia ",1745053197,7332163177406546950,Symphonic Planet,Legend of Santubong,1709677383.0,60.0,7343002204624881666,1326.0,193.0,8055.0,0.0,26544868.0,1001.0,https://www.tiktok.com/@mnm_pipi/video/7494946239885102337
Jangan lupa guys lock date korang esok 15-17 Mei untuk korang shopping dekat TikTok Shop sempena Super Mall Fest. Best gila tawaran yang ada.  - Mall Voucher up to RM80 - Unlimited Free Shipping - 100% Authentic #TikTokShop ,1747192402,7148386175531058182,tiktokshop_my ğŸ‡²ğŸ‡¾,original sound - tiktokshop_my,1747192406.0,30.0,7504134236581546769,1744.0,317.0,26289.0,0.0,17595422.0,887.0,https://www.tiktok.com/@mnm_pipi/video/7504134167198747905
"Oh, all the places we could go! âœ¨manifestâœ¨ #genvisa #genvisaapac #visa #travel #traveltiktok #vee #japan #china #korea ",1745983608,7243632967124894728,Generation Visa,original sound - genvisa,1745983613.0,5.0,7498942509641386753,9802.0,289.0,183156.0,0.0,76596964.0,350.0,https://www.tiktok.com/@mnm_pipi/video/7498942470932139284
Say goodbye to low battery anxiety. #GT7 is coming with epic battery life! ğŸ”‹  Catch the launch on May 27th in Paris! #realmeMY #realmeGT7Series #IceSenseDesign #flagshipkiller,1747033200,6781749369135727617,realmeMalaysia,original sound - realme.my,1746780448.0,38.0,7502364891228146433,1686.0,339.0,17396.0,0.0,18284495.0,1003.0,https://www.tiktok.com/@mnm_pipi/video/7502364873427488018
"Banyak orang tak percaya, tapi korang boleh try dulu baru tahu!! Shopee Affiliate memang senang. Step One: SIGN UP DULU â€¼ï¸ Link kat bio ğŸ’°ğŸ§¡",1747210735,7296396154895008769,Shopee Affiliate MY,original sound - shopeeaffiliatemy,1747210741.0,8.0,7504212984207149825,5204.0,338.0,43743.0,0.0,19963761.0,1672.0,https://www.tiktok.com/@mnm_pipi/video/7504212950022966546
"ğŸ’š Celebrate Acne Awareness Month with Real Results ğŸ’š âœ¨ Real stories. Real skin transformations. âœ¨ Experience the power of the Eucerin ProACNE Regimen â€” visible results from 1st use, trusted by real users, and dermatologically-tested. #EucerinAcneAwarenessMonth #EucerinMY Â #EucerinAcneExpert Â #LifeChangingSkincare Â #Dermatologicalskincare Â #Dermatologist #EucerinProAcne #productcontent #belisekarang #TikTokMadeMebuyit #M1 ",1747279370,7024016574178001921,Eucerin Malaysia,original sound - eucerinmalaysia,1747279373.0,6.0,7504507759929658128,914.0,8.0,6589.0,0.0,19511840.0,575.0,https://www.tiktok.com/@mnm_pipi/video/7504507726098124039
mending main Block blast! aja #blockblast #blockblastlove,1744852353,6947590614088205314,Hycaa Dewii,original sound - hycaax5,1744852357.0,18.0,7494083798309620481,133337.0,10880.0,2129866.0,0.0,194200109.0,187714.0,https://www.tiktok.com/@mnm_pipi/video/7494083753640267026
,,,,,,,,,,,,,,https://www.tiktok.com/@mnm_pipi/video/7506008549957356816
"ğŸ”¥ SPICE UP your meal & COLLECT your favorite postcards! Buy 10s Indomie Spicy Mushroom or Indomie Fiery Chicken and get your Mini Postcard Set from IndomieğŸ˜âœ¨ Available only in stores below: KL & Selangor: Jaya Grocer & NSK Penang & Kedah: Sunshine, Billion Kota Permai, C Mart Johor Bharu: NSK, Midas, Hwa Thai, Maslee While stocks last â€“ Get yours before itâ€™s gone! #OhMyGoodItsIndomie",1746677731,7404656099665757204,indomie_malaysia,original sound - indomie_malaysia,1746677737.0,18.0,7501923748535077648,494.0,100.0,4380.0,0.0,15545475.0,841.0,https://www.tiktok.com/@mnm_pipi/video/7501923703979003144
Kembali segar setiap kali selepas menjamu selera. Doublemint Menyegarkan Nafas Selepas Makan #marswrigley #marsmalaysia #tiktokmalaysia #fyp#Doublemint ##inspiringeverydayhappiness #inspiringhappiness,1744016526,7293326612090848274,MarsWrigley.MY,original sound - marswrigley.my,1744016531.0,15.0,7490493957156260625,1107.0,6.0,8762.0,0.0,30420666.0,1185.0,https://www.tiktok.com/@mnm_pipi/video/7490493922779663624
"Sambal Tumis Sotong Kenbang yang senang dan mudah, sesuai dihidangkan utk tetamu yang dtg berkunjung di rumah,  akak gunakan MAGGIÂ®ï¸ Sambal Tumis untuk rasa sambal yang sebenar dgn rasa yang authentic  Diperbuat dengan Cili dan Bawang Segar MAGGIÂ®ï¸ Sambal Tumis ialah rahsia Sambal yang sedap, sesuai dihidangkan bersama Nasi Lemak Sambal Tumis Sotong Kembang  ========================== Bahan - 1 ekor Sotong Kembang 2 peket Maggi Sambal Tumis  1/2 cawan Air Asam Jawa 1 keping Gula Kabung  Serbuk Perasa Maggi Cukup Rasa  1/4 cawan Kacang Tumbuk  Cara - Panaskan Minyak, masukkan Bawang Besar hiris Masukkan Maggi Sambal Tumis  Masak sehingga sebati Masukkan Air Asam Jawa masukkan Sotong Kembang Perasakan dgn Gula dan Maggi Cukup Rasa  Bila Sotong dah lembut dan masak, taburkan Kacang Tumbuk  #MAGGISambalTumis #GerentiMenjadi @MAGGI Malaysia ",1744087432,6921675564857164801,K H A I,Suasana Hari Raya Lofi by KHAI,1680481381.0,75.0,7217612533845936902,6816.0,128.0,47443.0,0.0,17827969.0,2601.0,https://www.tiktok.com/@mnm_pipi/video/7490798455577791752
æ€æ ·æ‰å«æ— ä¸ä¼¦æ¯”çš„äº«å—ï¼Œå–ï¼Œæµ“åšé¦¥éƒçš„å’–å–±ï¼ŒQå¼¹æœ‰åš¼åŠ²çš„é¢æ¡ï¼Œå°å£åƒï¼Œå¤§å£åƒï¼Œéƒ½è¶…çˆ½æ— æ¯”ï¼Maggi Kariï¼Œè§£é¦‹åˆå¼€èƒƒï¼Œæˆ‘éšæ—¶å¸¸å¤‡ ,1740632759,7358676015813723137,MAGGI Malaysia,original sound - maggimalaysia,1740632771.0,35.0,7475960816773204737,4497.0,1327.0,61000.0,0.0,17609435.0,3477.0,https://www.tiktok.com/@mnm_pipi/video/7475960754756160776
Perlindungan penuh UV dan Cahaya Biruâ˜€ï¸ Lindungi kulit anda sepenuhnya daripada UV + cahaya biru! Eucerin Spotless Brightening Sun Serum SPF50+ PA++++ dengan Thiamidol mencegah dan mengurangkan bintik matahari - diuji secara dermatologi. âœ¨ #MyEucerin #Thiamidol #EucerinSunSerum #Eucerinsunprotection #sunscreen #SPF #dailySPF,1744099230,7024016574178001921,Eucerin Malaysia,original sound - eucerinmalaysia,1744099233.0,6.0,7490849159571098385,799.0,25.0,5124.0,0.0,21497984.0,491.0,https://www.tiktok.com/@mnm_pipi/video/7490849125387275538
the BIGGEST BONANZA dah sampai! korang takkan nak miss again? Plus pulak with our 60 varieties this round! Come cepat now from 20 - 23 May 2025. #SushiKingMY #SushiKing #BIGGESTBonanza #30thAnniversary ,1747385917,7215442304009372678,Sushi King Malaysia,original sound - sushikingmalaysia,1747385920.0,10.0,7504965373843081985,3324.0,855.0,43454.0,0.0,15258561.0,16768.0,https://www.tiktok.com/@mnm_pipi/video/7504965356025302290
"This is my go-to shower ritual with Herbal Essences Argan Oil .  Not only does it make my hair soft and shiny, but it also leaves me feeling absolutely amazing with real plant essence.  Free from parabens, paraffins, and colourant. You should give it a try and get yours at @watson store.  #HerbalEssencesMY #WatsonsMY #Hairtok  #HairTransformation #GlassHair #AD",1731758496,6779430306170602497,NOPPO MUSIC,A warm piano instrumental ballad(808701),1592418041.0,204.0,6839383378953766913,2527.0,55.0,27687.0,0.0,20423971.0,883.0,https://www.tiktok.com/@mnm_pipi/video/7437746696089586951
âœ¨ Introducing the HONOR 400 Series! Next-Gen AI Imaging is set to revolutionize your creative journey! ğŸ“¸ #HONOR #HONORMalaysia #NextGenAIImaging #HONOR400Series,1746669600,6546060214817882113,HONOR Malaysia,original sound - honormalaysia,1746632770.0,20.0,7501730619250789136,1148.0,523.0,14905.0,0.0,15663223.0,1091.0,https://www.tiktok.com/@mnm_pipi/video/7501730559501077778
"Baru first day kerja, #BossMekdi dah kena test. The hustle is real tapi boss tetap steady. ğŸ’ª",1747735200,6604971159769366529,McDonald's Malaysia,original sound - mcdmalaysia,1747712912.0,88.0,7506369794268433153,3303.0,420.0,28372.0,0.0,16316071.0,1125.0,https://www.tiktok.com/@mnm_pipi/video/7506369723781614856
"Ubat Gigi ColgateÂ® Total Active Prevention yang baharu, membantu mencegah 8 punca utama masalah kesihatan mulut - Masalah Gusi, Plak, Karang Gigi, Sensitiviti, Hakisan Enamel, Noda Gigi^, Nafas Berbau, dan Kaviti. Teknologi Pencegahan yang Canggih dan Dipatenkan ini terbukti secara klinikal untuk melawan bakteria selama 24 jam*, memberikan perlindungan antibakteria berpanjangan untuk mencegah masalah penjagaan mulut sebelum ia terjadi. *berus gigi 2x sehari dengan penggunaan berterusan selama 4 minggu ^noda gigi ekstrinsik #colgatetotal #activeprevention #24hr ",1744903777,6907271907860644866,Colgate_Malaysia,original sound - colgate_malaysia,1744903783.0,6.0,7494304679057509121,660.0,10.0,4727.0,0.0,17804385.0,659.0,https://www.tiktok.com/@mnm_pipi/video/7494304596064587009
,,,,,,,,,,,,,,https://www.tiktok.com/@mnm_pipi/video/7506430266894781703
"Yayasan Tenaga Nasional (YTN) kini menawarkan peluang terbaik untuk anda melanjutkan pengajian di universiti terkemuka luar negara atau di Universiti Tenaga Nasional (UNITEN).  Jika anda bercita-cita besar dan mahu membina masa depan yang cerah, inilah masanya. Antara bidang pengajian yang ditawarkan: âš¡Kejuruteraan Elektrik Kuasa, Mekanikal, Kimia & Awam   âš¡Tenaga Boleh Baharu / Alam Sekitar   âš¡Sains Komputer, Data Science & Analytics, Cyber Security   âš¡Perakaunan, Kewangan, Energy Economics & International Business ğŸ“… Tarikh permohonan: 24 April â€“ 8 Mei 2025   ğŸ”— Mohon sekarang di: https://ytn.tnb.com.my Jangan lepaskan peluang keemasan ini. Langkah pertama menuju masa depan #BetterBrighter bermula di sini!   #BiasiswaPRIME",1745478983,6966833519659320322,"Queens Road, Fabian Graetz",FEEL THE GROOVE,1576041351.0,112.0,6769046027488987137,3284.0,1261.0,33200.0,0.0,25304232.0,2342.0,https://www.tiktok.com/@mnm_pipi/video/7496775127581969672
,,,,,,,,,,,,,,https://www.tiktok.com/@mnm_pipi/video/7504659785048984839
"Hehe love doing this with my husband! â¤ï¸ We tried and been loving the new PONDâ€™S SKIN INSTITUTEâ€™s Bright Miracle Ultimate Clarity Serum. Powered by NIASORCINOL, this serum works to brighten the skin, fading dark spots in just 3 days! âœ¨ And yes, even my husband is on board now ğŸ˜† If youâ€™re struggling with dark spots and dull skin, this is THE ONE to add to your skincare routine!  #MiraclesHappen #PondsMalaysia #Niasorcinol @Watsons Malaysia @PONDâ€™s Malaysia ",1744888780,7102675371501601794,ã‚†ã†@JPN,Cute pops with a girly atmosphere(839183),1594883437.0,151.0,6849972178490755074,1973.0,95.0,32718.0,0.0,12872533.0,740.0,https://www.tiktok.com/@mnm_pipi/video/7494240040319585553
"Tak payah susah susah nak kulit fresh everyday, garnier is here to help you! Now they have sunscreen yang instant cooling & stay fresh for 8 hr â„ï¸  @GarnierMY #GarnierMalaysia #GarnierMY #GarnierSkincare #GarnierSuperUV #GarnierSunscreen #SuperUVCooling #WatergelSunscreen #SPF50",1745572990,6697888345027232769,ya-su,Coffee and Chords,1721375767.0,305.0,7393252024915560449,5200.0,124.0,39006.0,0.0,12667048.0,1137.0,https://www.tiktok.com/@mnm_pipi/video/7497178873373740309
Yes! Betul. Sekarang ni Carrie Junior Hair & Body Wash 700g pun dah ada FREE toys tau. Mesti anak- anak happy ğŸ¥°  #CarrieJunior #CarrieMY #CarrieFunTime #toys #unboxingtoys # ToyMagnetUnboxing #CarrieToys #toysforkid #unboxing #blindbox #fyp #carriejuniornewtoy,1745240887,7168261334378988550,CARRIE JUNIOR MALAYSIA,original sound - carriejuniormalaysia,1745240892.0,57.0,7495752551678135057,744.0,279.0,6397.0,0.0,14361537.0,376.0,https://www.tiktok.com/@mnm_pipi/video/7495752519537265927
Complete UV and Blue Light Protectionâ˜€ï¸ Full protection against UV + blue light! Eucerin Spotless Brightening Sun Serum SPF50+ PA++++ with Thiamidol prevents and reduces sun spotsâ€” dermatologically tested. âœ¨ #MyEucerin #Thiamidol #EucerinSunSerum #Eucerinsunprotection #sunscreen #SPF #dailySPF,1744099152,7024016574178001921,Eucerin Malaysia,original sound - eucerinmalaysia,1744099155.0,6.0,7490848825079253777,877.0,24.0,5550.0,0.0,23576535.0,682.0,https://www.tiktok.com/@mnm_pipi/video/7490848785485155591
"#HUAWEIWATCHFIT4Series direka untuk golongan yang minat dalam menerokai, dengan fungsi Barometer baharu dan Dual-band GPS untuk penentuan lokasi yang lebih tepat dan lebih profesional. Mod sukan profesional seperti Mod Golf, Selaman Bebas 40m dan Larian Denai tersedia dalam HUAWEI WATCH FIT 4 Pro. #HUAWEIMY #HUAWEIWATCHFIT4Pro #HUAWEIWATCHFIT4 #HUAWEILaunch ",1747644870,6815758082208531457,HUAWEI Malaysia,original sound - huaweimobilemy,1747644874.0,30.0,7506077572594813712,1686.0,70.0,21758.0,0.0,12532002.0,721.0,https://www.tiktok.com/@mnm_pipi/video/7506077541149723912
"Updated caption -  ğŸ”¥ RM1 Deal You Canâ€™t Miss! ğŸ”¥ Get your hands on Coke Zero + Fanta 250ml for just RM1 at any store nationwide! ğŸ¥¤âœ¨ Whether youâ€™re craving the classic Coke Zero or the fruity burst of Fanta (Orange, Grape, or Strawberry), this deal is too good to pass up! ğŸ˜ Tag your friends & grab yours today before itâ€™s gone! ğŸƒâ€â™‚ï¸ğŸ’¨  @fanta_my  #FantaXCokeZero #OnlyRM1 #DrinkUp ",1742972477,6959525938279629826,ALIFF ALVIN,original sound - imaliffalvins,1742972484.0,34.0,7486009809364470544,1442.0,108.0,19214.0,0.0,29122190.0,743.0,https://www.tiktok.com/@mnm_pipi/video/7486009765299047687
"Pada 1 Mei, NESCAFE X @foodpanda_my bergabung tenaga untuk memberi semangat kepada beribu rider. Kita payung kopi NESCAFE Cans kepada rider-rider untuk kekal kental dan recharge ğŸ’ª#NgopiDuluDenganNESCAFE #NESCAFECans ",1746429234,7385112462465434631,NESCAFÃ‰ Malaysia,original sound - nescafe.my,1746429237.0,20.0,7500856453033413393,2570.0,0.0,37135.0,0.0,12256911.0,1063.0,https://www.tiktok.com/@mnm_pipi/video/7500856378114854161
"@NIVEA Malaysia Ada plan nak beraya rumah CRUSH korang Raya nanti? ğŸ˜‰ Siapkan dulu muka korang dengan NIVEA MEN DEEP Mud Foam! Dengan kuasa arang di dalamnya, ia memberi 8 Jam kawalan minyak. Barulah crush korang terpikat! ğŸ’¯ Selamat Hari Raya!âœ¨ğŸŒ™ #NIVEAMEN #myNIVEAMEN #RayaBersamaNIVEA #NIVEAMENDEEP",1743062206,6850162330975601665,Ahmadezzrinloy,original sound - ahmadezzrinloy,1743062211.0,60.0,7486395182311099137,7171.0,342.0,137561.0,0.0,23921958.0,1643.0,https://www.tiktok.com/@mnm_pipi/video/7486395093826456849
We have better plans  #BlockBlast #BlockBlastLove ,1742988617,6800785601782236166,Mr. Smokey,original sound - mr_smokey21,1742988621.0,10.0,7486079082716334870,627584.0,53318.0,17702881.0,0.0,543058279.0,1310048.0,https://www.tiktok.com/@mnm_pipi/video/7486079083252649238
"Solo missions donâ€™t win titles â€” we grind together, we rise together. #YouGotThis @adidas ",1747359250,6791824353513948162,AQIL FARHAN,original sound - aqilfrhn,1747359254.0,42.0,7504850838909750032,2705.0,14.0,48795.0,0.0,12291964.0,1575.0,https://www.tiktok.com/@mnm_pipi/video/7504850801626500370
"Oops, I hope sheâ€™s okay ğŸ¤«ğŸ‘€ But I cannot blame NIVEA pulak sebab the NIVEA Intensive Moisture ni ada 2x badan pelembap untuk kekalkan kelembapan sampai 48 jam ok! Plus, cuaca sekarang ni elok sangat pakai lotion yang ringan & tak melekit macam ni ğŸ’“ğŸ™ŒğŸ» Pakai sekali je, kulit korang terus jadi lembut and sihat ğŸª½ #NIVEAIntensiveMoisture #myNIVEA #StopBuyingWateryLotion #BodyLotion #MoistureLotion ",1745996517,6773933274596983810,Rita Nadira,original sound - ritanadira_,1745996532.0,41.0,7498998000488811280,5193.0,236.0,92064.0,0.0,11689558.0,1603.0,https://www.tiktok.com/@mnm_pipi/video/7498997911254994194
"Nak gi jenjalan tak makeup pun sis dah ghisau, inikan pulak hari penting! Nasib baiklah ada GrabMart, bolehlah touch up sikit bagi naik seri muka! ğŸ˜",1734925709,6804701946541933569,GrabMY,original sound - grabmy,1734925728.0,61.0,7451449255534807825,61.0,76.0,15096.0,0.0,24532808.0,1887.0,https://www.tiktok.com/@mnm_pipi/video/7451449150534618386
"Dengan pencuci muka Neem Himalaya mengandungi 96% bahan semula jadi, tiada lagi akne dan bekas akne! Acne? Neem Jer! Dapatkan Neem Jer Sekarang! Himalaya Official Store: https://bit.ly/40zSUpb Watsons: https://bit.ly/4eHvntZ Guardian: https://bit.ly/4csoWJe BigPharmacy: https://bit.ly/40FHt1L Caring:https://bit.ly/3C3KX4y Shopee: https://bit.ly/3D4MSCO Lazada: https://bit.ly/44koKYH #NeemJer #AntiAcne #Acne #Skincare #Malaysia",1737026020,6903419470284751873,HIMALAYA MALAYSIA,original sound - himalayamalaysia,1737026027.0,15.0,7460469973766032144,1073.0,195.0,13732.0,0.0,21213170.0,761.0,https://www.tiktok.com/@mnm_pipi/video/7460469932996693255
"When your hair is so flawless, even your friends are jealous ğŸ˜âœ¨ With @herbalessencesmy NEW Eucalyptus Shampoo, smooth and nourished hair is effortless! ğŸ’š Free from sulfates and parabens, cruelty-free, and enriched with real botanicals and 6X aloe goodness for hair that feels truly nourished. Because great hair days shouldnâ€™t need an explanation. ğŸ«§ #HerbalEssence#KeepItReal, #NatureInEveryDrop, #PureEssencePower, #RealCareRealResults #EssenceOfBeauty, #ResultsYouCanFeel",1738289480,82916378969513985,kayleyxchai,original sound - kayleyxchai,1738060865.0,51.0,7464914566804245265,2118.0,71.0,33856.0,0.0,17757333.0,652.0,https://www.tiktok.com/@mnm_pipi/video/7464914512609643794
"Meet the NEW SKINTIFIC Sensitive Serum Sunscreen! ğŸŒâ€¨ Now you can protect your skin from UVA/UVB rays and environmental stressors - while instantly soothing and calming sensitive skin. The ultimate skin rescue, designed to support the self-repair of your sensitive skin âœ¨ Grab yours now ğŸ˜ #skintificmy #skintificmy #skintificmalaysia #fyp #trending ",1745913775,7018001722786399233,Skintific.my,original sound - skintific.my,1745913779.0,24.0,7498642575146879760,438.0,79.0,5661.0,0.0,11524624.0,473.0,https://www.tiktok.com/@mnm_pipi/video/7498642539596270866
"Get the best value when you switch to CelcomDigi Prepaid 5G! ğŸ¤© From just RM25, enjoy Unlimited 5G and 100Mbps high-speed Internetâ€”all day, every day. ğŸ’ƒğŸ’° Get more value with Malaysiaâ€™s No.1 Prepaid Plan in link in bio.",1740468717,7198059106232599579,CelcomDigi,original sound - celcomdigi,1740468726.0,28.0,7475256246396914449,1258.0,0.0,11025.0,0.0,31479812.0,788.0,https://www.tiktok.com/@mnm_pipi/video/7475256203476569351
Join us on this thrilling NescafÃ© business case challenge! Registration begins 12th May 2025! @nestleneedsyouth #business #case #challenge,1746687814,7385112462465434631,NESCAFÃ‰ Malaysia,original sound - nescafe.my,1746687817.0,14.0,7501967046470159121,519.0,0.0,5725.0,0.0,10869639.0,538.0,https://www.tiktok.com/@mnm_pipi/video/7501967021249219858
"Selamat Hari Ibu kepada semua supermom! Terima kasih kerana sentiasa jadi tulang belakang,  pemberi semangat, dan pelindung sepanjang hayat.  Sempena Hari Ibu, jom kita luangkan masa dan beri yang terbaik untuk wanita terhebat dalam hidup kita. ğŸ’ğŸ’– #SelamatHariIbu #TerimaKasihIbu",1746511458,6903419470284751873,HIMALAYA MALAYSIA,original sound - himalayamalaysia,1746511465.0,21.0,7501209620300761857,385.0,122.0,3913.0,0.0,11481106.0,379.0,https://www.tiktok.com/@mnm_pipi/video/7501209575085853960
Nak review skincare ni payah tau mesti kena at least 2 minggu nak kena try untuk tengok sesuai tak kat kulit. Kalau jenis suruh overclaim macam2 tu memang idok la nak percaya sebab skincare harga murah tapi claim boleh buat result macam pergi treatment ribu2 ğŸ˜Œ,1746426728,7243215523793126408,nightbird_bgm,Pop beat BGM / long version(1283324),1660851664.0,439.0,7133303460480419841,5565.0,439.0,47569.0,0.0,11053892.0,1021.0,https://www.tiktok.com/@mnm_pipi/video/7500845485305974017
"Musim perayaan ini, berhati-hati dengan tawaran dalam talian dan elakkan daripada menjadi mangsa penipuan .APK. Sentiasa semak sumber sebelum memuat turun. Kekal maklum dan selamat dalam talian. #SafeInternet",1742968800,7198059106232599579,CelcomDigi,original sound - celcomdigi,1742966584.0,51.0,7485984472282696449,661.0,0.0,5615.0,0.0,17723876.0,790.0,https://www.tiktok.com/@mnm_pipi/video/7485984369312681232
Hadiah birthday anak aku. #Taobao #Taobaoshop #Ordertaobao #TaobaoMY ,1745498979,6672748984714593281,Fendymojo,original sound - fendymojo,1745498986.0,35.0,7496861055932140304,4664.0,371.0,113437.0,0.0,13069192.0,2430.0,https://www.tiktok.com/@mnm_pipi/video/7496861019663322376
#blondesbarbershop ,1731294648,6864319168515720194,AufaBlondz,original sound - aufablondz,1731294669.0,91.0,7435853980192394000,16948.0,604.0,77705.0,0.0,16087817.0,7044.0,https://www.tiktok.com/@mnm_pipi/video/7435853872062549256
"Replying to @nanajimie yang ni juga serasi, Alhamdulillah #kurap #gatal #masalahkulit #cream #krimherbacina ",1746067331,7380540969189573650,akak saraf,original sound - akaksaraf,1746067334.0,35.0,7499302094001310480,15712.0,1948.0,40900.0,0.0,11170781.0,15262.0,https://www.tiktok.com/@mnm_pipi/video/7499302068063079687
Replying to @user31875707301180 ,1740333014,7162376747764859930,furufuru,3 minutes cooking song(863632),1600365816.0,150.0,6873518662561564674,15506.0,1884.0,75534.0,0.0,30820634.0,13552.0,https://www.tiktok.com/@mnm_pipi/video/7474673334081391879
"Netflix atau Max? Pilih dengan Unifi Home 300 Mbps, serendah RM142/bulan!",1745548144,7086749883202765826,Unifi,original sound - unifiyourworld,1745548151.0,15.0,7497072219521059585,434.0,110.0,3342.0,0.0,11606134.0,238.0,https://www.tiktok.com/@mnm_pipi/video/7497072149614710024
DIPLOMA HOTEL & KATERING  (Bakal Chef 5 Bintang) âœ…DIPLOMA DIIKTIRAF MQA   âœ…KELAS 3 KALI SEMINGGU   âœ…PELUANG KERJAYA DALAM & LUAR NEGARA  âœ…70% KELAS DI DAPUR MASAK,1741148041,6665291877950357505,Official KOLEJKTAC,original sound - kolejktac,1741148044.0,15.0,7478173904336259857,2144.0,372.0,20718.0,0.0,12735105.0,1168.0,https://www.tiktok.com/@mnm_pipi/video/7478173868809571591
"Apakah erti #CARRY pada kita semua? Di sebalik setiap kemenangan, ada tekad, pengorbanan dan semangat yang tidak ternilai. ğŸ“† 21st May 2025 | 3PM ğŸ“ LIVE on TikTok & Facebook: Infinix Malaysia (@infinixmy) & MPL Malaysia (@mplmy) @homebois__ @monstervicious__ @oceanblackmy  #Infinix #InfinixMalaysia #InfinixGT30Pro #AllDayFullFPS #CARRRRRRY #CarryLikeAPro #homebois #homeboisworldwide #staytrue #MonsterVicious #MVFamilia #OceanBlack #RiseOfOceanBlack #AllHandsOnDeck ",1747540800,7114821173599159302,Z7,Love me transition,1667849809.0,10.0,7163360346605292294,1721.0,150.0,25767.0,0.0,9942765.0,799.0,https://www.tiktok.com/@mnm_pipi/video/7505581481784380688
Donâ€™t forget to hold your breath. #FinalDestination #Bloodlines - Only in cinemas 15 May.,1745904733,6764250900665517061,Warner Bros. Malaysia,original sound - warnerbrosmy,1745904742.0,23.0,7498603762836228881,1864.0,142.0,29230.0,0.0,9946725.0,3214.0,https://www.tiktok.com/@mnm_pipi/video/7498603714127596818
Replying to @Shafinazâ€‚Anwarâ€‚|â€‚Storyteller pencarian masih diteruskan lepas diracun warga Tiktok ğŸ˜‚ #hairtok #hairtonic #haircare #hairgrowth #rambutlebat #labonhair #vigoroushairtonic #hellobabes ,1732449189,6987064982597141506,orino,Vlog ãƒ» Stylish city pop(1275391),1676492339.0,179.0,7200478944389564418,3152.0,136.0,12812.0,0.0,10334933.0,736.0,https://www.tiktok.com/@mnm_pipi/video/7440812493129256209
"Your favourite Kleenex tissue, now with a touch of Disney magic!âœ¨ Unveil five enchanting designs with just a flick of the wand, bringing magical comfort in every touch. ğŸ° #Kleenex #KleenexDisney #Disney #MagicalComfortInEveryTouch",1744970324,7109258602062513158,Kleenex MY,original sound - mykleenex,1744970327.0,8.0,7494590481242917648,718.0,77.0,10465.0,0.0,10164371.0,529.0,https://www.tiktok.com/@mnm_pipi/video/7494590451270421767
"Netflix or Max? You choose with Unifi Home 300 Mbps, for only RM142/month!",1745548292,7086749883202765826,Unifi,original sound - unifiyourworld,1745548301.0,15.0,7497072858036849425,440.0,93.0,3119.0,0.0,11254780.0,216.0,https://www.tiktok.com/@mnm_pipi/video/7497072798041459976
"Dengan pes & lebih Kaw, MAGGIÂ®ï¸ SYIOK Tom Yam Kaw sesuai untuk orang yang yum! â€‹ #CamniBaruSYIOK #MAGGISYIOK #TomYamKaw #fyp #ASMR #instantnoodle #TomYam #trending #Foodieâ€‹",1745814732,7358676015813723137,FASSounds,Food,1702834998.0,73.0,7313620406597011457,2378.0,32.0,23767.0,0.0,9525745.0,1109.0,https://www.tiktok.com/@mnm_pipi/video/7498217154391608584
IQ Option Trading platform #trading #forextrader #forexlifestyle #trending #forextraining #trendingreels #tradingstrategy #forexmarket #forexmarket #957MY #motivation,1742828615,7449406208346375190,Trading news,original sound - iqoptiion,1742828624.0,18.0,7485391883205675798,2627.0,136.0,45073.0,0.0,15432094.0,232.0,https://www.tiktok.com/@mnm_pipi/video/7485391876963470614
"Adakah anda akan biarkan orang yang tak dikenali ataupun ""stranger"" pegang si manja anda? Semestinya TAK kan. Jadi, kenapa ambil risiko gunakan lampin cap ayam? ğŸ¤”ğŸ‘¶   Keselesaaan dan keselamatan si manja anda sentiasa menjadi keutamaan, termasuk dalam memilih lampin yang selamat untuk kulit si manja. Pilih jenama yang dipercayai, dah pasti baru beli.    Drypers dipercayai ibu-ibu Malaysia. ğŸ’•   #DrypersMalaysia #PastikanDrypersBaruBeli #DahPastiBaruBeli",1745377216,7120106976751191067,Atomica Music,Cheeky Sneaky,1677044612.0,60.0,7202851550270588929,2882.0,777.0,30039.0,0.0,12996649.0,1875.0,https://www.tiktok.com/@mnm_pipi/video/7496338029964053778
"Janji mula, boleh je buat duit! Sign up, mula post â€” nanti korang sendiri akan nampak hasilnya!  @Izara | RumahManisIzara pun mula simple je, tengok sekarangâ€¦ steady gila! ğŸ’¸ğŸ”¥ Link kat biooo ğŸ§¡",1744960024,7296396154895008769,Shopee Affiliate MY,original sound - shopeeaffiliatemy,1744960028.0,48.0,7494546242841037585,5278.0,805.0,36706.0,0.0,28320847.0,3296.0,https://www.tiktok.com/@mnm_pipi/video/7494546214973656338
"Choose your fighter! Deodorant or Perfume? ğŸ˜ For me, I mestilah akan pilih NIVEA Pearl & Beauty Fine Fragrance! âœ¨ Bau parfum eksklusifnya bukannya sekadar wangi tau, ia tahan seharian juga! Plusss ia juga boleh mencerahkan kulit bawah lengan korang sehingga 5X! Tak perlu pun pakai perfume dah lepas ni, cubalah sekarang! ğŸ©µ #myNIVEA",1736079243,75514846835,Syazaayusof á¥«á­¡,original sound - syazaayusof,1736079275.0,39.0,7456403702498904848,4841.0,354.0,83387.0,0.0,20023623.0,2269.0,https://www.tiktok.com/@mnm_pipi/video/7456403550860561671
"GRWM for coffee date with husband! In version shopeehaul ğŸ§¡ dari atas sampai bawah all from shopee! Tkyh pening ii kepala nk cari outfit yg modest, shopee je senang ğŸ˜ @Shopee Malaysia  #ShopeeMY #ShopeeHaul",1745997162,6592884917327233026,Carlito,original sound - rlitocesar,1742583248.0,57.0,7484338037247888134,1513.0,85.0,14255.0,0.0,10007130.0,619.0,https://www.tiktok.com/@mnm_pipi/video/7499000683488759047
Apakah kucing anda juga mahukan SHEBA? #HanyaSHEBA #ALLTheyWantlsSHEBA #HanyaSHEBAsiManjaInginkan ,1742874456,7162002199488087046,WHISKAS and PEDIGREE.OS,original sound - whiskasshebamy,1742874469.0,6.0,7485588837322820369,586.0,3.0,10686.0,0.0,18108308.0,504.0,https://www.tiktok.com/@mnm_pipi/video/7485588726136065296
10 hari je dah nmpk kesan ğŸ˜ğŸ‘ğŸ»  #lglutathione #vitamingummies #whitening #raya ,1739425765,6566452619166367746,D A N I AğŸ¦‹âœ¨,original sound - d.qistinaaa,1739425774.0,15.0,7470776804674079505,74131.0,3184.0,275789.0,0.0,26907579.0,22313.0,https://www.tiktok.com/@mnm_pipi/video/7470776603266649361
"""âœ¨ Diuji secara dermatologi untuk keselamatan kulit anda! âœ¨ Eucerin Spotless Brightening Booster Serum, dengan Thiamidol â€“ bahan anti-bintik hitam Eucerin paling berkesan, membantu mengurangkan bintik hitam yang nyata dan tersembunyi untuk kulit yang lebih cerah dan sekata. ğŸŒŸ Dapatkan kulit berseri yang anda impikan hari ini. #MyEucerin #Thiamidol #1DarkSpotsSolution #EucerinSpotlessBrightening #ReduceVisibleAndHiddenSpots"" #productcontent #belisekarang #TikTokMadeMebuyit #M1 ",1745474146,7024016574178001921,harryfaoki,"Best background music for corporate CM, company description videos, etc.",1589196938.0,191.0,6817453979945928705,843.0,21.0,4503.0,0.0,10344489.0,351.0,https://www.tiktok.com/@mnm_pipi/video/7496754353156427026
"MINGYU(@min9yu_k) is Hungry Before Boarding! See How SNICKERS Saves the Day ğŸ’ªğŸ»  What? MINGYU canâ€™t find his passport again...? No worriesâ€”SNICKERS has got your back! ğŸ« Feeling hungry while on the go? Have a SNICKERS and stay at your best when it counts! You're not you when youâ€™re hungry, grab a SNICKERS! #SNICKERS #SNICKERSOnTheGo #YoureNotYouWhenYoureHungry #MINGYU #SNICKERSwithMINGYU",1742969608,7293326612090848274,brev,Shadow by Seventeen,1662569781.0,14.0,7140682766047333146,1359.0,17.0,21608.0,0.0,20122537.0,2008.0,https://www.tiktok.com/@mnm_pipi/video/7485997411156921607
"""Jualan hari gaji â€¼ï¸â€¼ï¸penghantaran percuma guysssâ€¦save the date 25 aprilâ—ï¸dari skincare sampai ke style semua shopee stel kanâ€¦diskaun sehingga 90% Diskaun Dijamin Harga Terendah, guyssss jgn lepaskan peluang niiii cepat chekout @Shopee Malaysia  #ShopeeMY #ShopeeHaul""",1745994836,6552759517200121858,SpeedxurğŸ§,blank space speed up version,1669925022.0,62.0,7172273308887550726,912.0,94.0,8818.0,0.0,9664197.0,490.0,https://www.tiktok.com/@mnm_pipi/video/7498990703205174536
"Kalau rasa busy dengan kerja tapi still nak shopping outfit, jangan risau shopee kan ada untuk shopeehaul! #ShopeeMY #ShopeeHaul @Shopee Malaysia #fyp #foryou ",1746087898,6788043832686937089,CikguAsyraf,original sound - asyrafjalil,1746087905.0,50.0,7499390440945273601,717.0,30.0,5937.0,0.0,9463274.0,324.0,https://www.tiktok.com/@mnm_pipi/video/7499390395344866578
"Siapa sangka nak look macam ni takyah beli dekat banyak tempat, beli dekat Shopee je sebab dah one-stop-shop. Senang kerja ! Harga pun murah dengan quality superb ! ğŸ˜†ğŸ¤  @Shopee Malaysia #ShopeeHaul #ShopeeMY",1745937352,7188018,Oh Yu Sik,Honey Tea,1721160126.0,138.0,7392310604470650881,1306.0,96.0,8019.0,0.0,8984224.0,582.0,https://www.tiktok.com/@mnm_pipi/video/7498743810302692616
#rat #penghalautikus #ratrepellent  #antitikus #halautikus #tipsrumah ,1746545894,7261058338854503426,Aiman Fahmi 3,original sound - aimanfahmi333,1746545922.0,50.0,7501357609883077377,9018.0,623.0,28235.0,0.0,9636830.0,12287.0,https://www.tiktok.com/@mnm_pipi/video/7501357452382784789
Clears my mindğŸ§˜ğŸ¾â¤ï¸ #blockblast #blockblastlove ,1742005305,97270231579918336,ğ”„ğ”¯ğ”±ğ”¥ğ”²ğ”¯,Count Me Out Ã— Zelda,1684367591.0,26.0,7234303670864448262,78693.0,1768.0,2633092.0,0.0,43967284.0,103494.0,https://www.tiktok.com/@mnm_pipi/video/7481855699350195502
Makeup full face guna barang dari Shopee je? Tengok sendiri hasil diaâ€¦ berbaloi ke tak? @Shopee Malaysia #ShopeeHaul #ShopeeMy,1745936898,6764306907597505537,wikwok82,original sound - wikwok82,1745936901.0,41.0,7498741858396900102,1228.0,131.0,9008.0,0.0,8986313.0,523.0,https://www.tiktok.com/@mnm_pipi/video/7498741845942439173
What can 14T do? More than you think. Watch this.ğŸ‘‡ğŸ”¥ #realmeMY #realme14T #GamingPickrealme14Series,1747376029,6781749369135727617,realmeMalaysia,original sound - realme.my,1747376041.0,73.0,7504922943144299265,617.0,112.0,6514.0,0.0,9393493.0,320.0,https://www.tiktok.com/@mnm_pipi/video/7504922769176415489
"Barang ni memang rare dan worth it! Kalau korang tengah cari something unique dengan harga berbaloi, yang ni confirm patut masuk cart! Semua info ada kat link in bioâ€”jangan terlepas! #Taobao #Taobaoshop #Ordertaobao #TaobaoMY #BarangMurah #BarangViral #TipsShoppingOnline #ShoppingBijak #BarangBest #TaobaoMalaysia",1744012435,6828469178861798405,yo suzuki(akisai),"Funny video ""Carmen Prelude"" Arranging weakness(836530)",1594919086.0,146.0,6850125286504138753,5299.0,556.0,67141.0,0.0,19285609.0,1692.0,https://www.tiktok.com/@mnm_pipi/video/7490476350948576520
Pelindung matahari SPF50 dan Thiamidol! Mencegah bintik hitam! @Eucerin Malaysia  #SPF50 #Thiamidol #doktortiktok #drkenneth#MyEucerin #dermatologist #Eucerinsunprotection #sunscreen #SPF #dailySPF,1744028250,7265958831115895826,ALEKSANDAR KIPROV,Focus on Success,1693603353.0,155.0,7273970553332615179,3532.0,451.0,29006.0,0.0,8684014.0,2089.0,https://www.tiktok.com/@mnm_pipi/video/7490544250958925077
Yes im that kind of gurll hihi #fyp #fypage #fyppppppppppppppppppppppp  @GarnierMY ,1745237372,6718564312862983169,fer,original sound - farahnrdn_,1745237377.0,57.0,7495737452678712065,2594.0,556.0,84939.0,0.0,8628627.0,3666.0,https://www.tiktok.com/@mnm_pipi/video/7495737420315446536
"Dah la harga murah, dapat freeshipping lagi. Memang port beli baju dekat shopee jerrrr, Memang dah tak shopping tempat lain ğŸ˜œ jom kita serbu shopee @Shopee Malaysia  #ShopeeMY #ShopeeHaul",1745936952,6537037482209935362,Simon Armitage,Beautiful Wild Nature,1717401611.0,124.0,7376182933185480741,748.0,38.0,7508.0,0.0,9150016.0,525.0,https://www.tiktok.com/@mnm_pipi/video/7498742085999267090
Sarapan bersama bijirin penuh rangup KitKatÂ® Cereal!  #KITKATMalaysia #HaveABreakHaveAKITKAT #KITKATCereal #JOMRILEKwithKITKATCEREAL,1743048916,7337490706539529218,KitKatÂ® Malaysia Official,original sound - kitkatmalaysia,1743048924.0,10.0,7486338113334233857,1822.0,10.0,18300.0,0.0,28958059.0,2560.0,https://www.tiktok.com/@mnm_pipi/video/7486338054525832466
Weiii dapat harga murah siap Free Shipping!!!! #Taobao #Taobaoshop #Ordertaobao #TaobaoMY,1743304432,6610578944427474946,Faisal Suhaimi,original sound - faisal.suhaimi,1743304441.0,77.0,7487435554003766017,11265.0,1238.0,144667.0,0.0,24804023.0,5836.0,https://www.tiktok.com/@mnm_pipi/video/7487435492435250440
Join Shopee Affiliate kalau nak dapat jemput ke event eksklusif! Sampel free & inspirasi pun banyak ğŸ’¡âœ¨,1748332933,7296396154895008769,Shopee Affiliate MY,original sound - shopeeaffiliatemy,1748332935.0,9.0,7509032776273365777,2720.0,360.0,22093.0,0.0,15559068.0,1177.0,https://www.tiktok.com/@mnm_pipi/video/7509032749232033032
"Fuhhh sakan... konfiden teruk noh?! Megan Fox pun dia tak layan ohhh HAHA Laaaa badan sado, ketiak basah. ğŸ˜ƒ Nasib baik ada @NIVEA Malaysia DEEP Darkwood Deodorant.. ğŸ‘ğŸ» TENGOK VIDEO SAMPAI HABIS! Selamat Hari Raya! âœ¨ğŸŒ™ #NIVEAMEN #myNIVEAMEN #RayaBersamaNIVEA #NIVEAMENDEEP",1742449458,6556096144257892354,Chazynash,original sound - iamchazynash,1742450662.0,58.0,7483768602814958352,9148.0,576.0,145823.0,0.0,18038878.0,2340.0,https://www.tiktok.com/@mnm_pipi/video/7483763412409847058
"Nak share video ni dari @sharifah_sakinah ğŸ¥° Daripada nak merompak, terus terjatuh cinta pula ğŸ¤ª  Semuanya sebab NIVEA Pearl & Beauty Shave-less Roll On deodorant! Deodorant ni mempunyai Hair Soft Technology untuk pertumbuhan bulu yang lebih halus dan boleh beri kulit bawah lengan yang 5X cerah berseri. ğŸ˜˜ Tak payah curi-curi dah, dapatkan sekarang! ğŸ©µ #NIVEA #NIVEAMalaysia #myNIVEA #NIVEAPearlAndBeauty #belisekarang #TikTokMadeMebuyit #productcontent #N3 ",1744936928,7033829004529419265,NIVEA Malaysia,original sound - nivea_malaysia,1744936933.0,39.0,7494447049430125328,2076.0,166.0,23903.0,0.0,10389194.0,852.0,https://www.tiktok.com/@mnm_pipi/video/7494447017150713095
Nak murah? Shopping masa 5.5 Super Sale! Kita ada: â¤ï¸ Unlimited Free Shipping â¤ï¸Stackable Vouchers Up to RM80 â¤ï¸ Deals Up To 50% Off Shop now! #TikTokShopMY,1746088495,7148386175531058182,tiktokshop_my ğŸ‡²ğŸ‡¾,original sound - tiktokshop_my,1746088635.0,81.0,7499393576984480513,2272.0,312.0,23588.0,0.0,8299745.0,1313.0,https://www.tiktok.com/@mnm_pipi/video/7499392929459391765
"Shopee Haul with me ! Mix & match kebaya blouse dengan seluar untuk look yang lebih fresh & chic â€“ sesuai sangat untuk korang yang nak tampil lain dari yang lain! Semua item ni Fariesya grab dari Shopee je, harga mampu milik & kualiti padu! Nak nampak classy tanpa pecah poket? Swipe je Shopee sekarang! #ShopeeMY #ShopeeHaul @Shopee Malaysia ",1745992520,6534609917508190210,Â°â€â‹†missfariesya,original sound - missfariesya,1745992523.0,48.0,7498980776365574928,1177.0,40.0,7171.0,0.0,8694615.0,434.0,https://www.tiktok.com/@mnm_pipi/video/7498980755507301640
Korang tahu tak ? sekarang ni tengah ada jualan hari gaji Shopee !! sekarang masa paling tepat untuk kite shopping sambil berjimat sebab dijamin harga terendah !! ğŸ˜ğŸ›ï¸ğŸ’° @Shopee Malaysia  #ShopeeMY #ShopeeHaul,1745938782,6679337189271192578,Kinotlala,original sound - kinotlala,1745938789.0,28.0,7498749991235013393,959.0,37.0,9125.0,0.0,8703158.0,438.0,https://www.tiktok.com/@mnm_pipi/video/7498749960616152327
"ğ‘ğ„ğ€ğƒğ˜ ğ¬ğ­ğ¨ğ¤! Blacklist ğ™—ğ™¤ğ™¡ğ™šğ™ ğ™‡ğ™€ğ™‹ğ˜¼ğ™! Hari ni Approve, minggu depan dpt motor ğ—•ğ—”ğ—¥ğ—¨ anda! RM0 Deposit ada! Tanpa guarantor! #motorcycles #bayarbulanan #fyp #motor #Motorsport #motorbike #motorcycle #motorcyclesoftiktok #bayarbulanbulan ",1709007675,7262593438390010882,Gliterott & Slip.stream,Don't Play,1643426720.0,163.0,7058463946868525058,12203.0,1611.0,74914.0,0.0,36034556.0,7677.0,https://www.tiktok.com/@mnm_pipi/video/7340132049086369031
ada yang sama? #blockblast #blockblastlove,1744777204,6947590614088205314,Hycaa Dewii,original sound - hycaax5,1744777208.0,19.0,7493761040392506128,117296.0,9937.0,2094949.0,0.0,160929141.0,110897.0,https://www.tiktok.com/@mnm_pipi/video/7493761008528411922
Seram tak? Pontianak 100KG pun teruja dengan Siri HONOR 400! Korang nak tahu kenapa? Sebab Next-Gen AI Imaging laa! Jom tonton sekarang! HAHAHAğŸ‘»ğŸ‘»ğŸ‘» #HONOR400Series #NextGenAIImaging #Pontianak100KG #HONORMalaysia,1747211621,6546060214817882113,HONOR Malaysia,original sound - honormalaysia,1747211644.0,210.0,7504216865716177680,1608.0,181.0,15354.0,0.0,8421413.0,634.0,https://www.tiktok.com/@mnm_pipi/video/7504216756576193810
"Skincare game strong with CeraVe ğŸ’™ Gentle, effective, and even kids-approved (like, literally ğŸ‘¶). Our skin? Soft, happy, and thriving! Now mummy & Isma can share our skincare routine ğŸ˜‰ @CeraVe #CeraVeMY #moisturiselikeaderm @guardian Malaysia Â #guardianmy",1744277538,6545679891139248129,Naddysushi,original sound - naddysushi_,1744277543.0,51.0,7491614997097745168,3330.0,180.0,106760.0,0.0,11913619.0,1170.0,https://www.tiktok.com/@mnm_pipi/video/7491614958233472264
"Setel masalah ! Baju pun tak rosak , tak payah pening kepala . Lagipun pin tu bahaya tau lagi2 budak sek rendah ni , kang pi cucuk kawan2 ke apa kita ni mak2 paranoid ğŸ˜£  #lencanajalurgemilang #sulam #lencanairon #takperlujahit ",1746409229,7090701201213457434,zomap,Learning / Lecture / Tutorial / Gentle(1162850),1639585378.0,292.0,7041965360518301698,11300.0,1177.0,35534.0,0.0,8342281.0,7694.0,https://www.tiktok.com/@mnm_pipi/video/7500770501359308040
"ğŸ¥°ğ—•ğ—²ğ—®ğ˜‚ğ˜ğ˜† ğ——ğ—®ğ˜†ğ˜€ ğ——ğ—²ğ—®ğ—¹! ğ—¬ğ—¼ğ˜‚ğ—¿ ğŸ®ğ—»ğ—± ğ—§ğ—¿ğ—²ğ—®ğ˜ ğ—¶ğ˜€ ğ—·ğ˜‚ğ˜€ğ˜ ğ—¥ğ— ğŸ¬.ğŸ­ğŸ¬! | ğŸ­ - ğŸ± ğ— ğ—®ğ˜† ğŸ®ğŸ¬ğŸ®ğŸ± ğŸ’™ Stay confident and clean every day â€“ discover promotions on your favourite hair, bath, oral care, and deodorant picks + 2X MYPoint on selected products!  ğ—ªğ—µğ˜† ğ˜€ğ—µğ—¼ğ—½ ğ˜„ğ—¶ğ˜ğ—µğ—¼ğ˜‚ğ˜ ğ—¿ğ—²ğ˜„ğ—®ğ—¿ğ—±ğ˜€?  ğŸ“²Get RM12 OFF when you download the guardian MY App [Code: FIRSTAPP12]  â­ Enjoy 10X MYpoints on your first purchase when you join MYguardian Rewards!  *ğ—ªğ—µğ—¶ğ—¹ğ—² ğ˜€ğ˜ğ—¼ğ—°ğ—¸ğ˜€ ğ—¹ğ—®ğ˜€ğ˜, ğ˜ğ—²ğ—¿ğ—ºğ˜€ ğ—®ğ—½ğ—½ğ—¹ğ˜†. Read more info: https://bit.ly/42MV9aP   #MYguardian #guardianOnline #Jomguardian #guardianSquad #guardianPromo #HealthyBeauty #guardianMYAPP #OwnYourBeautiful #MYguardianRewards #HairCare #BathCare #OralCare #Deodorant",1746172736,6610981122531540993,guardian Malaysia,original sound - guardianmy,1746172740.0,14.0,7499754803812240144,496.0,33.0,3648.0,0.0,7590252.0,1138.0,https://www.tiktok.com/@mnm_pipi/video/7499754778193415432
Harini nak main game dgn Jason!! Tutup mata lama2 sampai rasa nak tidur ğŸ˜‚ Bau dia unexpectedly soothing & relaxing ğŸ˜ Lepastu dah nak dekat sama dgn bau bunga! Lurveeeee ğŸ«¶ğŸ» #blindtest #HerbalEssencesMY #KeepItReal ,1742853470,6552773314124890113,Nelissa Emielda â–,original sound - nelissaemielda,1742853474.0,94.0,7485498666275490577,1696.0,118.0,14691.0,0.0,8244041.0,498.0,https://www.tiktok.com/@mnm_pipi/video/7485498610457529618
A Revolution is Coming!âœ¨ The HONOR 400 Series combines Next-Gen AI Imaging with Industry-leading AI Image to Video technology & other flagship specifications. Watch this space as we unveil the HONOR 400 Series on May 22 at 3PM! #MakeYourPhotoComesAlive #NextGenAIImaging #HONOR400Series #HONORMalaysia,1747204299,6546060214817882113,HONOR Malaysia,original sound - honormalaysia,1747204305.0,5.0,7504185341608217360,360.0,50.0,4332.0,0.0,8001440.0,476.0,https://www.tiktok.com/@mnm_pipi/video/7504185308947270919
"ğŸŒŸ The future of photography is here! Next-Gen AI Imaging is on the way, and we canâ€™t wait to unveil it! ğŸ“¸ #HONOR #HONORMalaysia #NextGenAIImaging",1746614878,6546060214817882113,HONOR Malaysia,original sound - honormalaysia,1746614882.0,10.0,7501653790890740497,479.0,211.0,6482.0,0.0,8696355.0,508.0,https://www.tiktok.com/@mnm_pipi/video/7501653773618564370
stecuuu dangduttnya ngenaaa kali bah dekkkk apalgi dicengkokinnn ğŸ¥°ğŸ˜˜ğŸ˜‡  @DA3 Alfin Khairi  #fyp#fypage#viral#trending#lagifyp#lagitrending#videoviral#rambo#indonesiamusic#pokoknyaafyp#stecustecu#stecu#farizadam#song#lgutimur#anakmedan,1746866386,6802125573332059138,Rambo,original sound - ramboraspti,1746866391.0,55.0,7502733969880894213,272112.0,57416.0,3563779.0,0.0,108990912.0,173031.0,https://www.tiktok.com/@mnm_pipi/video/7502733966923795718
"Bulan May dah datang, dah #makanlainmacam apa je?ğŸ˜‰ #ayambrand #ayambrandmy ",1746439298,6822034743480779778,Ayam Brand Malaysia Official,original sound - ayambrandmyofficial,1746439303.0,121.0,7500899685046045456,778.0,93.0,10812.0,0.0,8265910.0,724.0,https://www.tiktok.com/@mnm_pipi/video/7500899646248684807
"ğŸš€ Get ready! Next-Gen AI Imaging is coming soon, and weâ€™re about to elevate your photography game! ğŸ“¸ What features are you most excited about? Share your thoughts below! â¬‡ï¸ #HONOR #HONORMalaysia #NextGenAIImaging",1746498906,6546060214817882113,HONOR Malaysia,original sound - honormalaysia,1746498909.0,10.0,7501155689277033233,450.0,209.0,7059.0,0.0,8576877.0,436.0,https://www.tiktok.com/@mnm_pipi/video/7501155661997231378
Waahh bestnya PERCUMA PENGINAPAN 1 TAHUN ! RM6000 duit poket  RM100 eWallet and banyak lagi !  Cepat tau makesure sebelum org yg ke 101 ğŸ˜‚ğŸ˜‚#daftarsekarang #spm #ktackanada #diplomaMQA #belajarbilabilamasa #diplomaKTAC ,1747218152,6665291877950357505,ğŸŒ¸ğŸŒ·ğŸ¦©ğŸ€ğŸ¡ğŸ©°,original sound - its.yourliv,1741927001.0,23.0,7481519469047925509,1111.0,148.0,9864.0,0.0,7591446.0,601.0,https://www.tiktok.com/@mnm_pipi/video/7504244808496516359
weh promo kaw kaw lagi,1746502723,6678942570758980609,â€¢Niniâ€¢,original sound - yxng_nini,1679777028.0,59.0,7214587365150067462,3482.0,315.0,23124.0,0.0,7826295.0,2077.0,https://www.tiktok.com/@mnm_pipi/video/7501172062539517191
"DILPMA PENGURUISAN LOGISTIK  (Anda Harapan Industri) âœ…DIPLOMA DIIKTIRAF MQA   âœ…KELAS 3 KALI SEMINGGU   âœ…KERJAYA YANG STABIL DAN GAJI LUMAYAN âœ…PELAJARI SISTEM IMPORT, EXPORT & TEKNOLOGI LOGISTIK",1741148009,6665291877950357505,Official KOLEJKTAC,original sound - kolejktac,1741148012.0,15.0,7478173761502595856,483.0,324.0,11752.0,0.0,10827040.0,297.0,https://www.tiktok.com/@mnm_pipi/video/7478173726811507976
semangatin dong ğŸ˜” #blockblast #blockblastlove ,1744889538,6903873849578931202,DJ BAI,Dynamic Stage,1617035609.0,180.0,6945114866986321921,8796.0,937.0,148954.0,0.0,11615418.0,9553.0,https://www.tiktok.com/@mnm_pipi/video/7494243481641045255
"Oh the 5.5 5uper 5avers Sale?! Say no more, weâ€™re already adding 3847 items to our carts! ğŸ¤© Mark your calendars and enjoy: â­ Campaign Vouchers up to RM800  ğŸ’ Discounts Up to 80% OFF ğŸ Semua Free Shipping Happening from 4th(8PM) to 7th May!  #Lazada5uper5avers #LazadaMY",1746158400,6713360565035222017,Lazada Malaysia,original sound - lazada_my,1746157303.0,42.0,7499688503811279633,3274.0,254.0,41611.0,0.0,7400403.0,1151.0,https://www.tiktok.com/@mnm_pipi/video/7499688474472090888
Giliran anda sekarang. Apakah yang membuat kucing anda purr? #whiskas #makanankucing #lebihpurrlebihpuas ,1745503396,7162002199488087046,HarmonicoHCO,Meme Funny Clip,1735843307.0,85.0,7455389643090266113,1368.0,4.0,26284.0,0.0,7875356.0,959.0,https://www.tiktok.com/@mnm_pipi/video/7496879965124807954
Jom kita sama-sama FAQ check pasal Roaming for U Family 128 & U Postpaid 98 plan with our expert ğŸ‘Takkan ada soalan yang tak boleh dijawab oleh beliau! ğŸ§‘ğŸ»â€ğŸ’»ğŸ”¥ #Unbeatable5G #UMobile5G #UFamily #UPostpaid,1746028151,6804134466749367298,U Mobile,original sound - umobile,1746028155.0,78.0,7499133816682892049,457.0,0.0,3111.0,0.0,8179885.0,175.0,https://www.tiktok.com/@mnm_pipi/video/7499133790883777800
#tiktoklive #livehighlights @faraa_insyiraa @einscessykrhğŸŒ· @NurNadirahQaisarah@Adeq ,1746243005,7272380824263541761,Sahabat Ain Syakirah,original sound - shbtainsykrh,1746243010.0,60.0,7500056612267756305,44637.0,14673.0,652373.0,0.0,20731795.0,17396.0,https://www.tiktok.com/@mnm_pipi/video/7500056577949306130
"ğŸ”¥Next-Gen AI Imaging is on the horizon, and weâ€™re ready to revolutionize the AI imaging experience! ğŸ“¸ What are your expectations for Next-Gen AI Imaging? Let us know in the comment section â¬‡ï¸ #HONOR #HONORMalaysia #NextGenAIImaging",1746431568,6546060214817882113,HONOR Malaysia,original sound - honormalaysia,1746431573.0,10.0,7500866481274587921,405.0,209.0,5762.0,0.0,8296270.0,348.0,https://www.tiktok.com/@mnm_pipi/video/7500866449997712648
"AWAS EHHH !!! Korang dah pernah beli barang kat Taobao ke belum? Kalau belum, tekan link kat bio sekarang! Banyak barang best korang boleh beli kat situ. Murahhhhh! #taobaohaul #taobao #Taobao #Taobaoshop #Ordertaobao #TaobaoMY",1745659693,6592088661373157378,NORR33N,original sound - norreen143_,1745659726.0,74.0,7497551429700946705,7964.0,1729.0,129881.0,0.0,7922841.0,5710.0,https://www.tiktok.com/@mnm_pipi/video/7497551269574348040
"Siapa kata Pontianak 100kg tak boleh terbang? Dengan bantuan AI Cutout, dia boleh terbang ke mana-mana HAHAHAHA! âœ¨ #HONOR400Series #NextGenAIImaging #Pontianak100KG #HONORMalaysia",1747292190,6546060214817882113,HONOR Malaysia,original sound - honormalaysia,1747292200.0,45.0,7504562848903875329,1292.0,159.0,11757.0,0.0,7915704.0,668.0,https://www.tiktok.com/@mnm_pipi/video/7504562798337330440
"DIPLOMA PENDIDIKAN AWAL KANAK KANAK  (Bentuk Generasi Dengan Ilmu & Kasih sayang) âœ…DIPLOMA DIIKTIRAF MQA  âœ…KELAS 3 KALI SEHARI  âœ…PELUANG KERJAYA LUAS DALAM TASKA, TADIKA & PUSAT ASUHAN  âœ…PELAJARI TEKNIK MENGAJAR KANAK KANAK DENGAN SERONOK",1741147939,6665291877950357505,Official KOLEJKTAC,original sound - kolejktac,1741147946.0,15.0,7478173483316087568,2826.0,528.0,18803.0,0.0,8371588.0,1966.0,https://www.tiktok.com/@mnm_pipi/video/7478173429619870984
"Dengar sini geng, nak outfit lawa tapi bajet ciput?  Ni la dia rahsianya - SHOPEE!  90% diskaun, free shipping, barang semua lawa-lawa. I dah borong, korang bila lagi? Let's serbu Shopee sekarang jangan cakap I tak share! @Shopee Malaysia  #ShopeeMY #ShopeeHaul",1746020526,6796988367172060162,sarahaeee â‹†.ËšğŸ¦‹à¼˜â‹†,original sound - sarahaeeeee_,1746020531.0,44.0,7499101071064795920,1986.0,117.0,13368.0,0.0,7717843.0,593.0,https://www.tiktok.com/@mnm_pipi/video/7499101035177315602
"â€‹Sign up, fuel up, and enjoy rewards! Spend a minimum of RM30 on fuel, and get RM10 fuel points.",1741595704,7382793068502533138,CaltexMY,original sound - caltexmy,1741595712.0,8.0,7480096621314329360,854.0,0.0,7316.0,0.0,16213961.0,761.0,https://www.tiktok.com/@mnm_pipi/video/7480096522026159380
"Glowing in no time! From post-jog panic to date night transformation, I made it with Veetâ€”no stubble, no cuts, just smooth, confident skin. Donâ€™t shave it, just Veet it! Buy now from your nearest Watsons store for only RM 8!  ",1744524488,6748641723801879553,Bellakhann,original sound - bellakhann.bk,1744524498.0,68.0,7492675663448148737,781.0,106.0,10147.0,0.0,12369372.0,321.0,https://www.tiktok.com/@mnm_pipi/video/7492675602995105031
"Would I visit Singapore again? DEFINITELY ğŸ‡²ğŸ‡¾ğŸ›«ğŸ‡¸ğŸ‡¬ Even better? I unlocked exclusive deals and offers with Mastercardâ€™s Priceless Specials. Shop, stay, eat, and play like never before! #MastercardMY #Priceless #PricelessExperience ",1747974831,6721377555759776770,jayden,original sound - jaydenczx,1747974833.0,23.0,7507494737377544961,2245.0,64.0,24877.0,0.0,9218311.0,932.0,https://www.tiktok.com/@mnm_pipi/video/7507494707489017106
"#CARRRRRRY ni bukan sebab kita hebat sorang-sorang, tapi sebab kita bawa impian yang sama naik ke pentas utama. Satu nama. Satu team. Satu impian. @homebois__ @monstervicious__ @oceanblackmy #Infinix #InfinixMalaysia #InfinixGT30Pro #AllDayFullFPS #CARRRRRRY #CarryLikeAPro #homebois #homeboisworldwide #staytrue #MonsterVicious #MVFamilia #OceanBlack#RiseOfOceanBlack #AllHandsOnDeck",1747815300,7114821173599159302,pardesiete,original sound - lesincompetents_,1738983273.0,15.0,7468876257455835909,1183.0,77.0,21008.0,0.0,7182023.0,445.0,https://www.tiktok.com/@mnm_pipi/video/7506766299591118100
"POV: You just entered So Cherry Happy ASMR heaven ğŸ’âœ¨ Stay till the end, it only gets better! #socherryhappy #essencecosmetics #cherry #ASMR #BeautyASMR ",1745063569,6733170476795511814,essence.cosmetics,original sound - essence.cosmetics,1745063573.0,17.0,7494990925338888982,19045.0,791.0,216871.0,0.0,30729669.0,9743.0,https://www.tiktok.com/@mnm_pipi/video/7494990939048430870
Budak-budak bijak dah tahu! Carrie Junior Hair & Body Wash 700g sekarang ada FREE Toy Magnet ğŸğŸ› Waktu mandi = lagi fun! Jangan buang botol tau ğŸ˜ Thanks @putehhidayah ! #CarrieJunior #CarrieMY #CarrieFunTime #toys #unboxingtoys # ToyMagnetUnboxing #CarrieToys #toysforkid #unboxing #blindbox #fyp #carriejuniornewtoy,1743066949,7168261334378988550,CARRIE JUNIOR MALAYSIA,original sound - carriejuniormalaysia,1743066952.0,71.0,7486415545581472513,2384.0,501.0,16217.0,0.0,10730541.0,917.0,https://www.tiktok.com/@mnm_pipi/video/7486415524050521352
Lepasni @Yuna Zainal bolehla belanja tiket konsert @Inteam_Official pulak ğŸ¥° @sweet boys  #isteribelanjasuami #inteam #sweetboys ,1747724435,6855864231130448897,Papa Ayie,original sound - ansariramlii,1747724439.0,58.0,7506419300736666385,46400.0,16543.0,647662.0,0.0,8313460.0,163764.0,https://www.tiktok.com/@mnm_pipi/video/7506419053645335825
Ambil mengikut dos yang dicadangkan 2biji setiap hari.. Kulit makin glowingğŸ˜ #lglutathione #glutathionegummies #glutathione ,1744956254,6807287434213065730,PipiComel89,JANGAN CURIK GUNA SOUND AKU,1744956258.0,30.0,7494530054543067921,12630.0,2176.0,54394.0,0.0,11133993.0,5782.0,https://www.tiktok.com/@mnm_pipi/video/7494530021332225288
Korang dah tebus belum? Jom kumpul 30 mata untuk tebus Beg Kole MILOÂ®ï¸ dan 50 mata untuk Beg Aktif MILOÂ®ï¸! #MinumDanTebus #MILO75Tahun #JomMinumMILO #Malaysia #MILOMalaysia #MILO #FYP,1746508081,7163870234658702363,MILOÂ® Malaysia Official,original sound - milomalaysia,1746508084.0,53.0,7501195098328615696,3922.0,0.0,33645.0,0.0,7442129.0,1545.0,https://www.tiktok.com/@mnm_pipi/video/7501195064484433159
"Spritzer Tinge ğŸ‡ğŸ¥­ğŸ‹, Kini dengan wajah baharu! Dengan rasa yang diperbaharui dengan Vitamin B (B3), sesuai untuk dinikmati pada setiap waktu âœ¨ï¸ #SpritzerTinge #theNEWTinge",1731039037,6678479861021131778,Spritzer Water,original sound - spritzermy,1731039046.0,23.0,7434756085371718401,848.0,233.0,8309.0,0.0,13667841.0,993.0,https://www.tiktok.com/@mnm_pipi/video/7434756036923231506
ikhtiar alih tanda lahir.. operasi tanpa booking dari Jumaat hingga Selasa. 8.30pg hingga 5ptg. #tandalahir #rawat #ayahmat ,1746937742,7004078482129830913,pinegroove,Cuba,1717420788.0,160.0,7376265312357943346,21110.0,6728.0,232407.0,0.0,18594072.0,20182.0,https://www.tiktok.com/@mnm_pipi/video/7503040426841099541
Tonton pontianak 100KG buat pertunjukan fesyen pakai AI Eraser 2.0 - seram tapi stylish! ğŸ˜± Memang Vogue! âœ¨ #HONOR400Series #NextGenAIImaging #Pontianak100KG #HONORMalaysia,1747278896,6546060214817882113,HONOR Malaysia,original sound - honormalaysia,1747278907.0,45.0,7504505752191585025,954.0,117.0,11440.0,0.0,7505058.0,436.0,https://www.tiktok.com/@mnm_pipi/video/7504505692934458632
"Bestiee, mcm yg dijanjikan, Aqish spill makeup yg Aqish gunağŸ’›  #peterthomasroth #hourglass #seamakeup #naturaloil #hudabeauty ",1746681279,7150234890704471066,Puteri Balqis Ashikin,original sound - morosechildofficial,1746681287.0,185.0,7501939001759222545,8746.0,371.0,54118.0,0.0,7103797.0,1579.0,https://www.tiktok.com/@mnm_pipi/video/7501938954644573448
"Who says only hugs can be comforting? Kleenex Teddy Soft gives you a cuddle in every touch, now with teddy bear design on every sheet! ğŸ§¸ğŸ’« Be the first to experience it!   #Kleenex #KleenexTeddySoft #ACuddleInEveryTouch",1742807542,7109258602062513158,Kleenex MY,original sound - mykleenex,1742807543.0,8.0,7485301393058843393,867.0,88.0,14559.0,0.0,12627279.0,722.0,https://www.tiktok.com/@mnm_pipi/video/7485301366445837575
,,,,,,,,,,,,,,https://www.tiktok.com/@mnm_pipi/video/7499117526094253328
"ğŸ’‹ğ—˜ğ—»ğ—·ğ—¼ğ˜† ğŸ±ğŸ¬% ğ—¦ğ—®ğ˜ƒğ—¶ğ—»ğ—´ğ˜€ ğ—¼ğ—» ğ—–ğ—¼ğ˜€ğ—ºğ—²ğ˜ğ—¶ğ—°ğ˜€ | ğŸ¯ğŸ¬ ğ—”ğ—½ğ—¿ - ğŸ° ğ— ğ—®ğ˜† ğŸ®ğŸ¬ğŸ®ğŸ± âœ¨ Itâ€™s Beauty Days â€“ time to treat yourself to irresistible deals on all your favorite cosmetics + 2X MYpoint on selected products! ğ—ªğ—µğ˜† ğ˜€ğ—µğ—¼ğ—½ ğ˜„ğ—¶ğ˜ğ—µğ—¼ğ˜‚ğ˜ ğ—¿ğ—²ğ˜„ğ—®ğ—¿ğ—±ğ˜€? ğŸ“²Get RM12 OFF when you download the guardian MY App [Code: FIRSTAPP12] â­ Enjoy 10X MYpoints on your first purchase when you join MYguardian Rewards! *ğ—ªğ—µğ—¶ğ—¹ğ—² ğ˜€ğ˜ğ—¼ğ—°ğ—¸ğ˜€ ğ—¹ğ—®ğ˜€ğ˜, ğ˜ğ—²ğ—¿ğ—ºğ˜€ ğ—®ğ—½ğ—½ğ—¹ğ˜†. Read more info: https://bit.ly/4jDAWLR #MYguardian #guardianOnline #Jomguardian #guardianSquad #guardianPromo #HealthyBeauty #guardianMYAPP #OwnYourBeautiful #MYguardianRewards #BeautyDays #Cosmetics",1745998565,6610981122531540993,guardian Malaysia,original sound - guardianmy,1745998567.0,14.0,7499006737131883280,382.0,67.0,2716.0,0.0,6910490.0,957.0,https://www.tiktok.com/@mnm_pipi/video/7499006713492720904
ğŸš€ First look Infinix GT 30 Pro! Dari action Naruto sampai gaming macam pro â€” phone ni memang power! ğŸ’¥ğŸ”¥ @Infinix Malaysia #Infinix #InfinixMalaysia #InfinixGT30Pro #AllDayFullFPS #CARRRRRRY #carrylikeapro ,1747665005,6754074898354652161,xkpenjahat,original sound - xkpenjahat,1747665009.0,75.0,7506164050473044753,2626.0,307.0,53779.0,0.0,6792042.0,1008.0,https://www.tiktok.com/@mnm_pipi/video/7506164023289826567
"Jangan lupa try Sambal Kerang yg Sedap dan Mudah ni tau Aunty2 , boleh utk menu di Hari Raya â˜ºï¸ Dan jangan lupa masak menggunakan Sambal Tumis @MAGGI Malaysia ni rasa dia buat masakan kita makin sedapğŸ‘ğŸ» dengan 1 pes boleh buat pelbagai masakan dan #Gerentimenjadi ğŸ‘ğŸ» #MAGGISambalTumis #GerentiMenjadi",1744114550,7024962925832569882,Lux-Inspira,Cooking Time,1631175909.0,42.0,7005847145701967874,7568.0,16.0,30933.0,0.0,10767598.0,2441.0,https://www.tiktok.com/@mnm_pipi/video/7490914935287909639
â¤ï¸,1746105249,6918300421287478274,Intannajuwa,original sound - intannajuwaaa,1746105253.0,27.0,7499464954743950096,22227.0,3610.0,701269.0,0.0,8667071.0,24155.0,https://www.tiktok.com/@mnm_pipi/video/7499464918379416839
,,,,,,,,,,,,,,https://www.tiktok.com/@mnm_pipi/video/7506800691088870674
æœ¬æ¥æƒ³è·³ï¼Œç»“æœå¸…è¿‡å¤´äº†ï¼Œå•Š æ˜¯æ»‘è¿‡å¤´äº†ï¼ğŸ¤£ ä¸€å¤§æ”¯NIVEA  Intensive Moisture body lotionæˆ‘å»ä¸ªæ—¥æœ¬å’ŒéŸ©å›½ç”¨äº†åŠç“¶äº†ï¼ï¼çœŸçš„å¤ªå¥½ç”¨ ç”¨å®Œè‚Œè‚¤ä¸€æ ·æ»‘ ğŸ˜ åŒå€çš„æ•ˆæœï¼Œå®Œå…¨ä¸ç²˜è…» ä¿æ¹¿æŠ—æŠ—çš„ï¼ #NIVEAIntensiveMoisture #myNIVEA #StopBuyingWateryLotion #BodyLotion #MoistureLotion @NIVEA Malaysia ,1746693233,6513724941467828226,Sek Hao Ho,Ruthless Sugar (Two AM Music),1710348208.0,57.0,7345889368433264642,2589.0,146.0,59834.0,0.0,6659218.0,731.0,https://www.tiktok.com/@mnm_pipi/video/7501990294330559762
"2024 was just the beginning. We saw Racing Aurora push limits and light up the track. Now in 2025, Racing Aurora is back, more connected, and more driven than ever. All to make a mark and make Malaysia proud! ğŸ‡²ğŸ‡¾ Swipe to see whatâ€™s charging up next âš¡ #UMobile5G #Unbeatable5G #RacingAurora",1747215280,6804134466749367298,PHONKA TRUCK & broke.,GTA,1670368009.0,60.0,7174175863313795073,324.0,0.0,2026.0,0.0,8581815.0,98.0,https://www.tiktok.com/@mnm_pipi/video/7504232466543070482
I no longer have to worry about dry and dull hair when i have this hair serum from Dove that make my hair healthy & shiny.  @Watsons Malaysia  #DoveMY #DoveProtectiveNourishingOil #haircare #haircareproduct,1745381822,6697888345027232769,Black BV & Diego Crisfer,Afrobeat,1724260035.0,114.0,7405640330622961681,631.0,65.0,5135.0,0.0,7792752.0,175.0,https://www.tiktok.com/@mnm_pipi/video/7496357808099642645
"âœ¨ğŸ’–ğŸ°ğŸ¬% ğ—¢ğ—³ğ—³ ğ—”ğ—¹ğ—¹ ğ—¦ğ—¸ğ—¶ğ—» ğ—–ğ—®ğ—¿ğ—², ğ—¦ğ˜‚ğ—» ğ—–ğ—®ğ—¿ğ—² & ğ—•ğ—²ğ—®ğ˜‚ğ˜ğ˜† ğ— ğ—®ğ˜€ğ—¸ğ˜€ | ğŸ¯ğŸ¬ ğ—”ğ—½ğ—¿ - ğŸ° ğ— ğ—®ğ˜† ğŸ®ğŸ¬ğŸ®ğŸ± â˜€ï¸ Healthy, radiant skin starts with the right care â€“ enjoy unbeatable Beauty Days deals on a full range of skin care, sun care, and beauty mask picks. Get 2X MYPoint on selected products too! ğ—ªğ—µğ˜† ğ˜€ğ—µğ—¼ğ—½ ğ˜„ğ—¶ğ˜ğ—µğ—¼ğ˜‚ğ˜ ğ—¿ğ—²ğ˜„ğ—®ğ—¿ğ—±ğ˜€? ğŸ“²Get RM12 OFF when you download the guardian MY App [Code: FIRSTAPP12] â­ Enjoy 10X MYpoints on your first purchase when you join MYguardian Rewards! *ğ—ªğ—µğ—¶ğ—¹ğ—² ğ˜€ğ˜ğ—¼ğ—°ğ—¸ğ˜€ ğ—¹ğ—®ğ˜€ğ˜, ğ˜ğ—²ğ—¿ğ—ºğ˜€ ğ—®ğ—½ğ—½ğ—¹ğ˜†. Read more info: https://bit.ly/4jDAWLR #MYguardian #guardianOnline #Jomguardian #guardianSquad #guardianPromo #HealthyBeauty #guardianMYAPP #OwnYourBeautiful #MYguardianRewards #SkinCare #SunCare #BeautyMasks",1745998463,6610981122531540993,guardian Malaysia,original sound - guardianmy,1745998466.0,14.0,7499006303679859473,287.0,2.0,2055.0,0.0,6716359.0,474.0,https://www.tiktok.com/@mnm_pipi/video/7499006279038373127
IQ Option Trading platform #trading #forextrader #forexlifestyle #trending #forextraining #trendingreels #tradingstrategy #forexmarket #forexmarket #815MY #motivation,1742828568,7449406208346375190,Trading news,original sound - iqoptiion,1742828575.0,15.0,7485391692243503894,294.0,14.0,3615.0,0.0,8082899.0,55.0,https://www.tiktok.com/@mnm_pipi/video/7485391674953305366
,,,,,,,,,,,,,,https://www.tiktok.com/@mnm_pipi/video/7490838352086715656
What it feels like to play Clash after the last few updates ğŸ˜ #Clashamania #clash #coc #WWE,1744452078,6722735877665522694,Clash of Clans,original sound - clashofclans,1744452084.0,20.0,7492364593533160224,20054.0,6670.0,503577.0,0.0,224949657.0,15033.0,https://www.tiktok.com/@mnm_pipi/video/7492364282097634592
papi discoğŸ¤™ğŸ»ğŸ¤™ğŸ»,1746080625,6999850017969292314,- ğ™§ğ™–ğ™–ğ™¥ğ™¥ğ™¯ğ™¯ğ™¯ğ™œğ™–ğ™˜ğ™¤ğ™§ -,original sound - chompenk76,1738422268.0,47.0,7466466761632123653,165355.0,14333.0,1327889.0,0.0,29976178.0,68663.0,https://www.tiktok.com/@mnm_pipi/video/7499359148442668343
tips ingat fakta by @hjratul08..ğŸ”¥ .  Setiap orang ada kelebihan masing-masing untuk mengingat fakta.. Pelajar ini telah menggunakan kelebihannya sendiri untuk menjawab soalan..  .  Gunakan kelebihan yang ada pada diri anda dan sentiasa percaya pada diri sendiri.. in shaa Allah..  .  p/s: Rakaman video ini telah mendapat keizinan pelajar dan kedua ibubapa pelajar tersebut untuk di muatnaik.. Harap maklum..  #spmcandidates #batch08 #spm2025 #xyzabc #fyp #fyppppppppppppppppppppppp #fypage #berandatiktok #sabahancrew_fams #jj ,1746420479,7019801637669618694,Kael Drakon,Velocity Joget Asik,1741135649.0,60.0,7478113181581199377,43300.0,8063.0,884679.0,0.0,10099077.0,181746.0,https://www.tiktok.com/@mnm_pipi/video/7500818817593986312
"Kulit dry and gatal all over body? Don't worry because this Aveeno lotion can give you skin relief in just 20 seconds. Yang penting, memang clinically proven for sensitive skin! Share this video to your friends yang ada problem yang sama #aveeno #beautyhacks #selfcarehacks #selfcaremalaysia @Aveeno.my ",1740572892,6995464342061909018,Official Sound Studio,Lazy Sunday,1573239003.0,86.0,6756879114637967368,2365.0,81.0,9928.0,0.0,15006654.0,646.0,https://www.tiktok.com/@mnm_pipi/video/7475703626988621063
ğŸ’¥ Price Drop Alert ğŸ’¥ Don't miss out on Temu's BIG SALE EVENT!,1729593165,7277133862680527915,temu_techfinds,original sound - temu_techfinds,1729593168.0,12.0,7428545953101138734,13217.0,2112.0,286690.0,0.0,113589662.0,5305.0,https://www.tiktok.com/@mnm_pipi/video/7428546040405511466
Think you can carry your style like @Homebois  carry the game? Get ready for the launch of our brand new INFINIX GT 30 Pro!ğŸ”¥ ğŸ“† 21st May 2025 | 3PM ğŸ“ LIVE on TikTok & Facebook : Infinix Malaysia (@infinixmy) & MPL Malaysia (@mplmy)  #Infinix #InfinixMalaysia #InfinixGT30Pro #AllDayFullFPS  #CARRRRRRY #CarryLikeAPro #homebois #homeboisworldwide #staytrue ,1747212175,7114821173599159302,ATLXS,PASSO BEM SOLTO - Slowed,1729693037.0,60.0,7428967399708346369,1412.0,704.0,16491.0,0.0,8246544.0,926.0,https://www.tiktok.com/@mnm_pipi/video/7504219130833456391
"maaf lah excited, benda tak selalu jadi ğŸ˜”ğŸ¥¹",1746614367,6888996320191759362,Tun Laila,original sound - yarafaee,1746614406.0,88.0,7501651746494663441,5870.0,432.0,86348.0,0.0,6514291.0,1635.0,https://www.tiktok.com/@mnm_pipi/video/7501651570598137106
"Grana padano sebiji RM 6000 @HAVOCFOODFESTIVAL  DATARAN CENTRIO,SEREMBAN 15 Mei - 18 Mei 2025 #MacMafiaCheese #havocfoodfestival #granapadano #granapadano #fyp #havoc #granapadanoMafia #CheesePadu #spaghetti  ",1747031584,6815159590767592450,Rian DTM,Mix Lagu Viral Terbaik,1658994094.0,264.0,7125325369565825026,36401.0,4991.0,671154.0,0.0,28846837.0,12733.0,https://www.tiktok.com/@mnm_pipi/video/7503443497354087698
"NESTUM is love, NESTUM is life ğŸ«° â€‹ #Nestum3in1 #halal #tiktokfoodie #klfoodieâ€‹",1728459403,7162043261384066075,NESTUM Malaysia,original sound - nestum_malaysia,1728459411.0,28.0,7423676635083262737,3215.0,0.0,35793.0,0.0,12019394.0,1160.0,https://www.tiktok.com/@mnm_pipi/video/7423676588534926599
When your hair goes from â€˜mehâ€™ to â€˜main characterâ€™. Giving my hair the love itâ€™s been begging for lately. @guardian Malaysia  #DoveMY #DoveProtectiveNourishingOil #haircare #haircareproduct,1745412933,6772809295325545473,Bedroom dreams,Solitude,1727634714.0,239.0,7420133738711222311,287.0,97.0,2653.0,0.0,7291940.0,95.0,https://www.tiktok.com/@mnm_pipi/video/7496491438918683924
"Level up your gameplay with the new #InfinixGT30Pro where pro-grade performance meets aggressive designâš¡ğŸ”¥ Ready to go all out, all game, all day?Shop now on Infinix Malaysiaâ€™s TikTok Shop or visit our Infinix Official Brand stores online & offline! #Infinix #InfinixMalaysia #InfinixGT30Pro #AllDayFullFPS #CARRRRRRY #CarryLikeAPro #New #Available #BuyNow",1747815000,7114821173599159302,Ë¢áµƒáµˆâ¿áµ‰Ë¢Ë¢,original sound - sadnessvibesonly,1741181244.0,36.0,7478316493047712513,1083.0,125.0,10955.0,0.0,6308792.0,621.0,https://www.tiktok.com/@mnm_pipi/video/7506522812064992530
Stokin murah bapak!!! ,1745977583,6958325706394158081,bitchbaby,Beat,1729960243.0,60.0,7430122231988307984,8636.0,353.0,68775.0,0.0,6778357.0,3632.0,https://www.tiktok.com/@mnm_pipi/video/7498916591493516562
"ğğšğ«ğ®ğ­ ğ£ğğ«ğšğ°ğšğ­ ğ­ğšğ¤ ğ¡ğ¢ğ¥ğšğ§ğ -ğ¡ğ¢ğ¥ğšğ§ğ ? ğ‰ğ¨ğ¦ ğ›ğ®ğšğ­ ğ«ğšğ°ğšğ­ğšğ§ ğ¥ğšğ¬ğğ«!âš¡ ğŒğ²ğƒğ®ğšğ¥ ğ’ğ¢ğ ğ§ğšğ­ğ®ğ«ğ ğ‹ğšğ¬ğğ« ialah rawatan 2-dalam-1 dengan hasil ketara, kulit terus nampak perbezaan lepas sesi pertama! Hubungi kami sekarang untuk ğŸ’¥ğ‡ğ€ğ‘ğ†ğ€ ğğ‘ğğŒğ ğ†ğˆğ‹ğ€-ğ†ğˆğ‹ğ€ğŸ’¥! Slot promo terhad, siapa cepat dia dapat! ğŸ’¨",1745402400,6989464059293664258,MyClinic,original sound - my__clinic,1745393418.0,73.0,7496407642115312401,996.0,88.0,11477.0,0.0,7477443.0,777.0,https://www.tiktok.com/@mnm_pipi/video/7496407574586297607
"ğŸŒ¿ Pure Neem Power for Clear Skin this Raya! ğŸŒ¿ Struggling with acne and marks just before Raya? Let nature take care of it so you glow with confidence! âœ¨ Himalaya Neem Face Wash is powered by 100% neem and natural ingredients to cleanse, purify, and protect your skinâ€”gently yet effectively. âœ… Fights acne & bacteria naturally ğŸŒ± Reduces acne marks for even-toned skin ğŸ’¦ Gentle & soap-free for everyday use âœ¨ Pure. Powerful. Proven. Just in time for Raya. Try it today! ğŸ›ï¸ Shop now at Watsons , Guardian,  Himalaya Official Stores Nationwide, Lazada, Shopee and Tik Tok. Acne? Neem Jer! #NeemJer #AntiAcne #Acne #Skincare #Malaysia #RayaReady #RayaGlow #HimalayaMalaysia",1743165333,6903419470284751873,HIMALAYA MALAYSIA,original sound - himalayamalaysia,1743165343.0,26.0,7486838132298615553,316.0,50.0,2972.0,0.0,9011865.0,193.0,https://www.tiktok.com/@mnm_pipi/video/7486838087557893384
A pretty cool job Iâ€™d say ğŸ¤¯ All I do is sprinkle and shake. #McCormickAsia #shakeshake #truffle #blackpepper #trufflefries #dayinalife #FoodTok  #creatorsearchinsights ,1740983841,7280350455917806593,SoulChef,Write This Down (Instrumental),1627064823.0,60.0,6988190007181887489,253.0,35.0,2237.0,0.0,6407703.0,145.0,https://www.tiktok.com/@mnm_pipi/video/7477468609158090004
"Teringin nak makan Korean BBQ tapi tak nak belanja lebih? Buat je sendiri kat rumah â€” senang gila, halal pulak tu! ğŸ˜‹ #McCormickAsia #kbbq #FoodTok #halal #grillmates #spicykorean #korean",1747296012,7280350455917806593,Ocean Alley,Confidence (sped up version),1701164159.0,12.0,7244851220488243970,951.0,46.0,5036.0,0.0,6386533.0,500.0,https://www.tiktok.com/@mnm_pipi/video/7504579212926405906
"Scammers often pretend to be from PDRM to pressure you into transferring money. Itâ€™s all about creating fear so you act fast without thinking. Take a moment, stay calm, and verify everything before making any move. Learn more in the link in bio. #SafeInternet",1745719200,7198059106232599579,CelcomDigi,original sound - celcomdigi,1745566095.0,55.0,7497149282873543440,401.0,0.0,2773.0,0.0,6616344.0,285.0,https://www.tiktok.com/@mnm_pipi/video/7497149185825754369
"Kita dah cuba, now it's your turn! Comment dekat bawah kalau korang dah try Colgate Optic White Purple Serum baru ni tau! #PumpPurpleSmile #ColgatePurpleSerum #BeautyHack #WhiterTeeth #fyp #yellowteeth",1740664800,6907271907860644866,Femi Jaye,Sweet - Sped Up,1679941280.0,60.0,7215292527497185281,3446.0,143.0,16104.0,0.0,17151398.0,1442.0,https://www.tiktok.com/@mnm_pipi/video/7475679851861527815
Puas hati tak perlu susah cabut atau mesin rumput dah #racunrumput #racunrumputlalang #rumput #racun ,1735985637,7099697785826313242,HezMusic,original sound - hezronhenrry,1647329443.0,60.0,7075226058198387483,7290.0,834.0,24294.0,0.0,17362615.0,7409.0,https://www.tiktok.com/@mnm_pipi/video/7456001517217254663
"Mmmm WHISKAS! sedap, bernutrisi dan membuat si manja purr lagi tu. #whiskas #makanankucing #lebihpurrlebihpuas ",1745554606,7162002199488087046,WHISKAS and PEDIGREE.OS,original sound - whiskasshebamy,1745554624.0,31.0,7497100014976584464,1667.0,5.0,43408.0,0.0,6398885.0,899.0,https://www.tiktok.com/@mnm_pipi/video/7497099901726182674
Dapatkan produk-produk Fesyen & Kecantikan dengan harga Lagi Murah ğŸ¤© Jom shop dengan semua promosi best ni sempena 5.5 Festival Fesyen & Kecantikan  ğŸ“¦ Penghantaran Percuma Tanpa Perbelanjaan Minimum ğŸ‘— Fesyen & Kecantikan 90% Diskaun Lagi Murah ğŸ¥ Shopee Live 50% Diskaun Baucar Harian Add To Cart sekarang ğŸ“² #ShopeeMY #ShopeeMY55 #GetReadyWithShopee ,1745988901,6674222507924505601,Shopee Malaysia,original sound - shopeemy,1745988904.0,30.0,7498965239690431233,623.0,30.0,4477.0,0.0,6134153.0,365.0,https://www.tiktok.com/@mnm_pipi/video/7498965189564435733
"Cukuplah #india . Aku tak akan kembali. Tak pernah dalam sejarah saya travel saya share benda negatif lebih daripada positif. But this is my pov. yours might be different. Cakaplah Kashmir ke Kerala ke cantik n bersih, for me India is DONE.",1746104443,6921113376258442246,StmNir,original sound - stmnir,1725253797.0,54.0,7409908532897696545,17785.0,7825.0,297485.0,0.0,7878912.0,19657.0,https://www.tiktok.com/@mnm_pipi/video/7499461448075185414
"Infinix GT 30 Pro dah sampai geng! Ini dia first impressions. Pakai fon ni Memang boleh CarryÂ LikeÂ AÂ Pro! Kalau nak dapatkan GT 30 Pro sendiri, check out @infinixmy bermula dari 16 Mei #Infinix #InfinixMalaysia #InfinixGT30Pro #AllDayFullFPS #CARRRRRRY #CarryLikeAPro @Infinix Malaysia ",1747207780,6807325525573977089,Lim Reviews,original sound - limreviews,1747207791.0,109.0,7504200316083079953,6287.0,1286.0,43674.0,0.0,6640455.0,5496.0,https://www.tiktok.com/@mnm_pipi/video/7504200235330178322
"Dequadin Mega-Refreshing Relief for Mega-Busy Lives Breathe Mega-fresh all day, â€˜err day with Dequadin. ğŸ˜ #DequadinMY #DequadinCandy  #MegaRefreshing  #Cooling ",1746762635,7237521695622628358,Dequadin MY,original sound - dequadinmy,1746762638.0,10.0,7502288397068077841,186.0,15.0,1392.0,0.0,6214337.0,249.0,https://www.tiktok.com/@mnm_pipi/video/7502288372723895559
Get a head start on your higher education at INTI. Discover our world-class programme! #YourFutureBuiltToday #FREEDiploma #Free_Foundation #FREEALevel #INTIScholarships,1739120896,6569817608642691073,INTI,original sound - inti.edu,1739120900.0,21.0,7469467381753088769,318.0,4.0,2863.0,0.0,15087882.0,225.0,https://www.tiktok.com/@mnm_pipi/video/7469467344625011986
Chasing gold or goals? You thrive when lifeâ€™s covered. Hear our national team share their life plans. Click on the #NoStoppingUs link in our bio to learn more!,1744352942,7099625884814164993,Allianz Malaysia,original sound - allianzmalaysia,1744352952.0,47.0,7491938877428976401,461.0,66.0,6032.0,0.0,7377209.0,805.0,https://www.tiktok.com/@mnm_pipi/video/7491938646426176769
Menangis aku tengok harga dekat beg kuning ğŸ˜­ğŸ˜­,1745047008,6578241618637668353,ğŸ¦–,original sound - ngg_361,1717576694.0,15.0,7376935711776361222,4289.0,145.0,18909.0,0.0,6709395.0,2073.0,https://www.tiktok.com/@mnm_pipi/video/7494919805800156424
Rakyat Malaysia dah bersuara.. Strim #DiaImamku di #sookaMalaysia malam ini! #fyp #DramaMelayu #KamalAdli #SitiSaleha,1747108606,6931914692953375746,sooka malaysia,original sound - sookamalaysia,1747108610.0,31.0,7503774285899516677,1910.0,558.0,42325.0,0.0,5955989.0,737.0,https://www.tiktok.com/@mnm_pipi/video/7503774276407823621
From dull and dry to smooth and shiny âœ¨ The NEW Dove Peptide Intense Repair Protective Nourishing Oil is now my travel must-have! âœˆï¸ @Watsons Malaysia  #DoveMY #DoveProtectiveNourishingOil #haircare #haircareproduct,1745314790,6566813535082086402,Crystelle Lim âœˆï¸,original sound - crystellelim,1745314793.0,28.0,7496069951116135185,410.0,73.0,4546.0,0.0,6904518.0,168.0,https://www.tiktok.com/@mnm_pipi/video/7496069826415185153
Berkenan beli jer â€¼ï¸â€¼ï¸â€¼ï¸â€¼ï¸ #seluardalamlelakiviral #boxersoftiktok #boxer #menwear #seluardalamplussize #barangviralditiktok #barangmurahtiktok #seluardalamlelakiviral #boxersoftiktok #boxer #menwear #seluardalamplussize #barangviralditiktok #barangmurahtiktok,1743209792,7341598507423990785,Fjjhhtgwk,original sound - fjjrhtttk45,1743209795.0,29.0,7487029049412389648,10670.0,1292.0,72375.0,0.0,16758137.0,11343.0,https://www.tiktok.com/@mnm_pipi/video/7487028751155449105
Nawor paling owongi miampai asaasanang miampai Enchanteur Chic Mon Amie EDT toi ko' Enchanteur Chic Eau De Scent Glitter Girl ğŸŠğŸ’â˜ºï¸ @enchanteurmalaysia #EnchanteurMY #EnchanteurChic #PerfumeTok #PerfumeMalaysia #perfumeviral #perfumetiktok,1746184763,6803274196614824962,Ishak Kurniawan,Nature of Borneo,1698724752.0,60.0,7295967119564949506,890.0,42.0,14786.0,0.0,6910426.0,497.0,https://www.tiktok.com/@mnm_pipi/video/7499806429650455826
Cuba korang try buat kat stadium bukit jalil  #TrendingNewsMalaysia #BeritaDiTikTok #NewsAtTikTok #youtuber #socialexperiment #phone #riyadh #stadium ,1747962718,6958339103823021058,Siakap Keli,original sound - thesiakapkeli,1747962721.0,40.0,7507442715559283472,12964.0,4083.0,317276.0,0.0,7534055.0,6375.0,https://www.tiktok.com/@mnm_pipi/video/7507442681686035720
Buat penonton #DendamSeorangMadu ğŸ¤£ğŸ¤£Jom strim #DendamSeorangMadu di sookağŸ’œğŸ’œKlik link di bio ğŸ”—,1746704660,6931914692953375746,sooka malaysia,original sound - sookamalaysia,1746704667.0,37.0,7502039384276519686,1675.0,192.0,32650.0,0.0,5839734.0,275.0,https://www.tiktok.com/@mnm_pipi/video/7502039364558392581
Selamat Hari Guru Kepada Semua Warga Pendidik DiSeluruh Dunia.. #selamathariguru  #16mei2025  #fypage #fypã‚·ã‚š #fyppppppppppppppppppppppp #fypdong ,1747377288,6982940811751883778,Abang Awang Channel,original sound - abgawgchannel,1747377292.0,55.0,7504928315300399888,10795.0,6628.0,248563.0,0.0,7085325.0,10445.0,https://www.tiktok.com/@mnm_pipi/video/7504928292856876295
link dkt bio if korang nk tau jugak org save nama korang apa ğŸ¤­ #getcontact #getcontactapp ,1699364014,6665637130360471553,ğŸ”Œ,daddys home,1688936240.0,29.0,7253925844589218606,3048.0,316.0,136299.0,0.0,36578180.0,2144.0,https://www.tiktok.com/@mnm_pipi/video/7298712848321072392
"ğŸ¯ Nak Figurin Edisi Terhad MLBB X NARUTO Duel Arena? ğŸ‘€ Tonton video dengan teliti dan kira berapa kali figurin â€œNARUTOâ€ muncul. Kemudian, tinggalkan jawapan anda di komen â€” mungkin figurin edisi terhad jadi milik anda! ğŸ Figurin edisi terhad sedang menanti anda! ğŸ“… Sertai Duel Arena kami pada 10â€“11 Mei di Pavilion Bukit Jalil, dan ikut perjalanan MLBB x NARUTO untuk menangi barangan eksklusif! ğŸŒ€ğŸ”¥ #MLBBXNARUTO #MLBBFreeGaaraSkin #MLBBNinjaBersatu #PaduBersama #MLBBDuelArena #MobileLegendsBangBang #MLBB  @tya.edros",1746896722,6814027497736061958,Mobile Legends Malaysia,original sound - mobilelegendsmy,1746896730.0,28.0,7502864319252597505,1211.0,1641.0,16968.0,0.0,6422993.0,910.0,https://www.tiktok.com/@mnm_pipi/video/7502864267490659602
Pontianak 100kg pun terkejut! HONOR 400 Series tukar gambar jadi video dengan AI yang power gila! Memang tak sangka! #HONOR400Series #NextGenAIImaging #Pontianak100KG #HONORMalaysia,1747292679,6546060214817882113,HONOR Malaysia,original sound - honormalaysia,1747292705.0,45.0,7504565015489137409,511.0,93.0,5534.0,0.0,6337088.0,303.0,https://www.tiktok.com/@mnm_pipi/video/7504564904402226450
"Replying to @prvt,lina lencana jalur gemilang ni raaamai dah parents beli! Terutama yang magnet tu! Senang hehehe! #lencanajalurgemilang #TikTokShop #kpm #lencanatransisi #anaksekolah ",1744006351,6787772483573138434,nyansuke,"Cute, handmade, heartwarming xylophone BGM(1174601)",1642695699.0,122.0,7055323149228378114,5078.0,895.0,24231.0,0.0,9766345.0,3975.0,https://www.tiktok.com/@mnm_pipi/video/7490450214491376903
"Glow like never before! The POND'S SKIN INSTITUTE - Bright Miracle Ultimate Clarity Day Serum is powered by Niasorcinolâ„¢ï¸, combining Niacinamide & Ethyl Resorcinol for clearer, brighter skin. Say goodbye to dark spots and hello to ultimate radiance! Who else is on a glow-up mission? @PONDâ€™s Malaysia @Watsons Malaysia  #MiraclesHappen #PondsMalaysia #Niasorcinol",1745223344,6563230433185464322,Farağ™š,original sound - faranadiah_,1745223356.0,86.0,7495677230777993985,390.0,39.0,3484.0,0.0,5925236.0,225.0,https://www.tiktok.com/@mnm_pipi/video/7495677165409684743
Pink earpods!! harga murah tapi quality tiptop! ğŸ˜­ğŸ«¶ğŸ» #airpods #earpods #goojodoq #fypage ,1741481226,7045303433452241947,ğ˜¿ğ™ğ™¢ğ™šğ™£ğ™¨ğ™ğ™‘ğ™ğ™—ğ™šğ™¨ğŸ§,original sound - msx_ki,1684585848.0,27.0,7235241102302432006,11825.0,299.0,118175.0,0.0,7733227.0,3365.0,https://www.tiktok.com/@mnm_pipi/video/7479604877086280968
"We know youâ€™ve been waiting for this!â€‹  Now you can sip happily with our all-new Light Milk Tea series ğŸ§‹âœ¨â€‹ Crafted for those who want something lighter but still crave that same premium Tealive taste, with as low as 198 kcal per drink!*â€‹  Available in these refreshing flavours:â€‹  ğŸ‘ Jasmine Peach Milk Tea with Real Peachâ€‹  ğŸµ Snowy Jasmine Green Light Milk Teaâ€‹  ğŸƒ Snowy Da Hong Pao Light Milk Teaâ€‹ And thatâ€™s not allâ€¦â€‹  Get our special edition Gawai & Kaamatan Festival Cup  exclusively in East Malaysia â€” with every Tealive drink purchase while stocks last! â€‹ *T&Cs apply. Calorie count based on regular size, without sugar and snowy topping.â€‹ #Tealive #BrewingPositivity #TealiveLightMilkTea #TealiveNewMenu #TealiveGawaiKaamatanCup #Gawai #kaamatan ",1747656881,6688495508523566082,ğŸŒ¹ğŸ’ƒIbukGojesğŸ’ƒğŸŒ¹,original sound - ibukgojes,1715353735.0,60.0,7367388185620253441,2630.0,308.0,19880.0,0.0,8049573.0,7209.0,https://www.tiktok.com/@mnm_pipi/video/7506129130094644487
,,,,,,,,,,,,,,https://www.tiktok.com/@mnm_pipi/video/7421115164256226561
